-- phpMyAdmin SQL Dump
-- version 4.9.4
-- https://www.phpmyadmin.net/
--
-- Host: localhost:3306
-- Generation Time: Apr 16, 2020 at 07:51 AM
-- Server version: 10.3.22-MariaDB
-- PHP Version: 7.3.6

SET SQL_MODE = "NO_AUTO_VALUE_ON_ZERO";
SET AUTOCOMMIT = 0;
START TRANSACTION;
SET time_zone = "+00:00";


/*!40101 SET @OLD_CHARACTER_SET_CLIENT=@@CHARACTER_SET_CLIENT */;
/*!40101 SET @OLD_CHARACTER_SET_RESULTS=@@CHARACTER_SET_RESULTS */;
/*!40101 SET @OLD_COLLATION_CONNECTION=@@COLLATION_CONNECTION */;
/*!40101 SET NAMES utf8mb4 */;

--
-- Database: `esuryaco_db_solar_panel_indonesia`
--

-- --------------------------------------------------------

--
-- Table structure for table `tbl_blog_page`
--

CREATE TABLE `tbl_blog_page` (
  `id` varchar(9) NOT NULL,
  `judul` varchar(150) DEFAULT NULL,
  `gambar` varchar(150) DEFAULT NULL,
  `isi` text DEFAULT NULL,
  `status_page` char(4) DEFAULT NULL,
  `create_by` varchar(50) DEFAULT NULL,
  `create_date` datetime DEFAULT NULL,
  `update_by` varchar(50) DEFAULT NULL,
  `update_date` datetime DEFAULT NULL
) ENGINE=InnoDB DEFAULT CHARSET=latin1;

--
-- Dumping data for table `tbl_blog_page`
--

INSERT INTO `tbl_blog_page` (`id`, `judul`, `gambar`, `isi`, `status_page`, `create_by`, `create_date`, `update_by`, `update_date`) VALUES
('5DW2JYMWY', 'BAGAIMANA CARA PANEL SURYA BEKERJA?', 'GAMBAR_2.jpg', '<p style=\"text-align: justify;\">Panel surya harus dipasang di area terbuka yang tidak terhalang oleh pohon atau instalasi apa pun. Atap biasanya merupakan tempat yang terbaik. Kemudian listrik akan ditransfer ke rumah atau gedung melalui inverter. Inverter adalah alat yang mengubah DC (arus langsung) menjadi AC (Alternating Current / arus bolak-balik). Alasan untuk mengubah arus langsung menjadi arus bolak-balik adalah untuk memungkinkan energi yang akan digunakan oleh berbagai peralatan rumah tangga, seperti cara anda mengoperasikan elektronik anda dengan listrik normal.&nbsp;</p>', 'UP', '0970', '2020-03-11 14:04:49', NULL, NULL),
('JAM1VZT93', 'TENTANG ENERGI SURYA', 'gambar_1.jpg', '<p><strong>APA ITU ENERGI SURYA?</strong></p>\r\n<p>Menurut temuan ilmiah, bumi menerima energi surya sebesar 173 trilyun terawatt listrik atau kurang lebih sepuluh ribu kali lebih banyak daripada listrik yang digunakan oleh seluruh penduduk dunia. Ini memvalidasi fakta bahwa matahari adalah sumber energi paling banyak di seluruh dunia dan bahwa suatu hari akan menjadi sumber energi yang utama. Energi surya datang kepada kita sebagai radiasi yang merupakan energi murni (tidak ada massa yang terkait dengannya), yang merupakan bentuk energi tertinggi dan dapat dikonversi ke banyak bentuk lain untuk keperluan sehari-hari kita salah satunya energi listrik.&nbsp;</p>\r\n<p>Secara tradisional, kebutuhan listrik dunia telah dipenuhi oleh bahan bakar fosil seperti minyak, gas alam, dan batu bara. Namun, sumber energi ini memiliki dua dampak negatif utama: mereka memainkan peran yang lebih besar dalam pemanasan global dan pencemaran hujan asam, yang berdampak negatif terhadap banyak hewan, tumbuhan, manusia dan lingkungan. Alternatif terbaik adalah energi matahari, yang merupakan sumber daya terbarukan, yang selalu tersedia, menyediakan pasokan tanpa batas sepanjang waktu. Energi matahari juga merupakan sumber energi hijau karena tidak mengeluarkan polutan selama proses produksi energi. Namun demikian energi surya hanya tersedia pada siang hari, dan bahkan pada siang hari tidak tersedia selama periode mendung dan hujan. Jadi jelas bahwa jika kita bergantung pada energi surya untuk kebutuhan kita, kita masih membutuhkan pasokan listrik dari PLN atau harus dapat menyimpannya secara efisien dengan biaya terjangkau.&nbsp;<br /><br /></p>\r\n<p><strong>BAGAIMANA ENERGI SURYA DIKONVERSIKAN MENJADI LISTRIK?</strong></p>\r\n<p>Langkah awal untuk mengubah energi matahari menjadi listrik adalah dengan memasang panel sel surya atau Photovoltaic (PV). Photovoltaic berarti cahaya dan listirk. Sel-sel ini yang terbuat dari bahan silicon menyerap cahaya matahari (bukan panasnya) dan mengubahnya menjadi listrik DC (Direct Current/arus langsung).&nbsp;</p>\r\n<p>&nbsp;</p>', 'UP', '0970', '2020-01-22 17:23:43', NULL, NULL),
('O058WZ7JR', 'PERTIMBANGAN MEMASANG PANEL SURYA', 'DECIDE_IF_SOLAR_PANEL_ARE_RIGHT_FOR_YOUR_HOME.jpg', '<p>&nbsp;</p>\r\n<p>Membeli panel surya adalah cara yang efektif untuk mengurangi tagihan listrik anda dan melindungi anda terhadap kenaikan harga listrik di kemudian hari. Anda juga turut aktif membantu mengurangi emisi karbon yang berdampak negative pada lingkungan.</p>\r\n<p>&nbsp;</p>\r\n<p>Harga sistem surya telah jatuh dalam beberapa tahun terakhir, karena kemajuan teknologi. Namun demikian, ada faktor penting lainnya yang perlu anda pertimbangkan, karena keputusan anda untuk membeli panel surya tidak hanya didasarkan pada harga.&nbsp;</p>\r\n<p>&nbsp;</p>\r\n<p>Berikut beberapa manfaat memiliki panel surya:</p>\r\n<p>&bull; Energi bersih terbarukan dan tersedia selama matahari bersinar</p>\r\n<p>&bull; Mengurangi tagihan listrik serta melindungi dari kenaikan tarif listrik di masa yang akan datang</p>\r\n<p>&bull; Biaya perawatan yang rendah, dibersihkan dengan air atau di sapu.&nbsp;</p>\r\n<p>&bull; Dapat berfungsi selama 25 tahun&nbsp;</p>\r\n<p>&bull; Teknologi yang terus mengalami kemajuan dalam meningkatkan hasil produksi listrik.&nbsp;</p>\r\n<p>&nbsp;</p>\r\n<p>Disamping beberapa manfaat, berikut adalah beberapa hal yang harus anda perhatikan&nbsp;</p>\r\n<p>&bull; Ketergantungan terhadap cuaca. Pada malam hari solar panel tidak berproduksi. Meski dalam keadaan hujan dan berawan solar panel masih dapat berproduksi tetapi efisiensi nya berkurang. Namun demikian, letak Indonesia di equator, matahari bersinar selama 1 tahun penuh.&nbsp;</p>\r\n<p>&bull; Penyimpanan (storage) listrik melalui battery belumlah murah. Penggunaan listrik surya haruslah langsung diginakan atau di simpan di battery. Hasil produksi listrik yang tidak digunakan dapat di ekspor ke jaringan PLN melalui &lsquo;net metering&rsquo; yang dapat di kreditkan pada tagihan listrik anda bulan berikutnya.&nbsp;&nbsp;</p>\r\n<p>&bull; Banyaknya pengunaan ruang. Semakin banyak listrik yang ingin anda hasilkan, semakin banyak panel surya yang anda butuhkan, Jika Anda tidak memiliki ruang (atap) untuk semua panel yang Anda inginkan, Anda dapat memilih untuk memasang lebih sedikit untuk tetap memenuhi sebagian kebutuhan energi Anda.&nbsp;</p>\r\n<p>&nbsp;</p>\r\n<p>Namun demikian harga panel surya saat ini sudah semakin terjangkau. Pembiayaan secara cicilan dapat meringankan untuk mendapatkannya.&nbsp;</p>\r\n<p>&nbsp;</p>\r\n<p>&nbsp;</p>', 'UP', '0970', '2020-01-22 17:45:36', NULL, NULL),
('O0A0LG4P7', 'PERTIMBANGAN SEBELUM MEMASANG PANEL SURYA', 'Untitled_design_(1).jpg', '<p><strong>Pertimbangan sebelum memasang panel surya</strong></p>\r\n<p>Sebelum mengambil langkah apa pun untuk memasang panel surya di rumah / bangunan anda, pastikan tenaga surya cocok untuk anda dan rumah/bangunan anda. Kemudian, pastikan bahwa sinar matahari yang cukup tersedia di wilayah Anda. Kesesuaian energi matahari sangat bervariasi dengan berapa banyak sinar matahari yang diterima suatu daerah. Jika daerah Anda tidak menerima sinar matahari yang cukup, berinvestasi dalam panel surya boleh jadi bukan keputusan yang tepat. Anda bisa memperoleh informasi mengenai potensi Photovoltaic electricity output pada laman http://globalsolaratlas.info/. Data base tersebut di sediakan oleh Solargis, penyedia global data matahari dan layanan penilaian energi surya yang di kontrak oleh World Bank Group. Data base tersebut menjadi acuan kami dalam menyediakan informasi untuk anda di wilayah anda. Anda dapat mengisikan daerah tempat tinggal anda di website kami untuk mendapatkan informasi iradiasi di tempat tinggal anda.&nbsp;</p>\r\n<p>Setelah menentukan bahwa area anda menerima sinar matahari yang cukup, pastikan ruang pemasangan di atap bangunan tersedia. Rata-rata di butuhkan luas atap seluas 6.6m2 untuk kapasitas 1000 watt. Selanjutnya adalah penting untuk mengetahui peraturan yang di tetapkan oleh pemerintah. Saat ini pengaturan pemasangan panel surya telah ditetapkan dalam Peraturan Menteri Energi dan Sumber Daya Mineral No 49 / 2018 dan No 16/2019 tentang Penggunaan Sistem Pembangkit Listrik Tenaga Surya Atap oleh Konsumen PT. PLN.&nbsp;</p>\r\n<p>&nbsp;</p>\r\n<p>&nbsp;</p>', 'UP', '0970', '2020-04-14 11:22:16', NULL, NULL),
('O90G8J6E5', 'PERHITUNGAN EKONOMIS', 'des.jpg', '<p>Menggunakan listrik tenaga surya bisa menjadi sebuah keputusan besar bagi sebagian orang. Oleh karenanya memahami keekonomian dari tenaga surya menjadi sangat penting. Untuk menentukan apakah memasang surya atap adalah langkah keuangan yang cerdas untuk anda mulailah dengan mempertimbangkan beberapa factor berikut:&nbsp;</p>\r\n<p>&nbsp;</p>\r\n<p>&bull; Tarif listrik yang anda bayarkan saat ini dan ekspektasi anda akan kenaikan listrik di masa yang akan datang</p>\r\n<p>&bull; Harga perangkat panel surya (terpasang) serta biaya pemeliharaan</p>\r\n<p>&bull; Electricity loss dari panel dan inverter dan degradasi panel surya selama umur ekonomis</p>\r\n<p>&bull; Parameter ekonomi seperti; nilai bersih investasi yang akan anda peroleh (Net Present Value &ndash; NPV), tingkat pengembalian investasi (Internal Rate of Return &ndash; IRR) dan lama pengembalian investasi (Pay Back Period)</p>\r\n<p>Karena penelitian telah membuktikan surya atap sekarang lebih mudah diakses dan terjangkau, tagihan listrik anda adalah faktor penting dalam menentukan berapa banyak yang dapat anda hemat dengan beralih ke energi matahari. Pada saat ini tarif PLN untuk rumah tangga, bisnis kecil dan menengah serta gedung pemerintahan adalah sebesar Rp. 1,467.28/kWh. Bukan merupakan rahasia bahwa harga listrik rumah tangga, bisnis dan gedung perkantoran terus meningkat dalam 5 tahun terakhir. Kenaikan rata2 tahunan tarif PLN(non-subsidi) dalam lima tahun terakhir sebesar 11.1% untuk rumah tangga, 5.7% untuk gedung pemerintahan dan 4.9% untuk bisnis. Data tersebut terdapat pada Laporan Statistik PLN 2017. Anda dapat melihatnya pada tautan berikut:&nbsp;</p>\r\n<p>&nbsp;</p>', 'UP', '0970', '2020-04-14 11:21:26', '32Z28DPHI', '2020-04-08 00:47:44');

-- --------------------------------------------------------

--
-- Table structure for table `tbl_data_bank`
--

CREATE TABLE `tbl_data_bank` (
  `kode_bank` int(11) NOT NULL,
  `nama_bank` varchar(50) DEFAULT NULL
) ENGINE=InnoDB DEFAULT CHARSET=latin1;

--
-- Dumping data for table `tbl_data_bank`
--

INSERT INTO `tbl_data_bank` (`kode_bank`, `nama_bank`) VALUES
(2, 'PERMATA');

-- --------------------------------------------------------

--
-- Table structure for table `tbl_data_banner`
--

CREATE TABLE `tbl_data_banner` (
  `id` int(11) NOT NULL,
  `url` varchar(150) NOT NULL,
  `gambar` varchar(150) NOT NULL
) ENGINE=MyISAM DEFAULT CHARSET=latin1;

--
-- Dumping data for table `tbl_data_banner`
--

INSERT INTO `tbl_data_banner` (`id`, `url`, `gambar`) VALUES
(1, 'https://www.e-surya.co.id/Home/mobile_residential', 'RESIDENTIAL2.png'),
(2, 'https://www.e-surya.co.id/Home/mobile_business', 'Banner_header_1.jpg'),
(3, 'https://youtu.be/j-_F7qe_T7A', 'Banner_header_3.jpg');

-- --------------------------------------------------------

--
-- Table structure for table `tbl_data_customer`
--

CREATE TABLE `tbl_data_customer` (
  `id_member` varchar(50) NOT NULL,
  `no_identitas` varchar(50) DEFAULT NULL,
  `nama_lengkap` varchar(75) DEFAULT NULL,
  `alamat` varchar(250) DEFAULT NULL,
  `telepon` varchar(50) DEFAULT NULL,
  `email` varchar(50) DEFAULT NULL,
  `status` char(1) DEFAULT '1',
  `password` varchar(50) DEFAULT NULL
) ENGINE=InnoDB DEFAULT CHARSET=latin1;

--
-- Dumping data for table `tbl_data_customer`
--

INSERT INTO `tbl_data_customer` (`id_member`, `no_identitas`, `nama_lengkap`, `alamat`, `telepon`, `email`, `status`, `password`) VALUES
('291X7IZAB', NULL, 'Rizaldi', 'Jalan Gaharu Barat No. 10 Semarang', '081299774121', 'rizalwiratama21@yahoo.com', '1', 'SO7HZTNL3'),
('2YGVBBYW4', '3545345345', 'TEsting QA', 'ffsdfsfdsfd', '+6256352324234', 'testing.esurya@yopmail.com', '1', '2D1X8KWZQ'),
('3607HEY8B', 'QA000001', 'QA Testing', 'Serpong ku', '+6281382273527', 'project.berkas@gmail.com', '1', 'VVF1ZJJNR'),
('3W4BYDEG2', NULL, 'Muhammad Rizaldi Wiratama Muhammad Rizaldi Wiratama Muhammad Rizaldi Wirata', 'Jl. Gaharu Barat No. 10 kelurahan Srondol Wetan kecamatan Banyumanik kota Semarang. 50263', '081299774121', 'shadowmagic21@gmail.com', '1', 'FMQA4R3XE'),
('4DU3BSUY5', NULL, 'rongu', NULL, '+629888888', 'ron.gusya@gmail.com', '1', 'WP84MKBH9'),
('4J64R9NPD', NULL, NULL, NULL, '', NULL, '1', 'T6SZES27V'),
('6REJAXOVL', NULL, 'test baru Audhy', NULL, '+6285288881708', 'tetsuyadummy@gmail.com', '1', 'Z4G7P0OY9'),
('7NNQJLW7O', NULL, NULL, NULL, '', NULL, '1', 'YWSD3XE9X'),
('8AQWHNLKY', '3375454555958574', 'Audhy Smara Sukhma', 'Lebak Bulus Indah', '+6285288881708', 'audhy85@gmail.com', '1', 'Aruna071727'),
('C7M8P9OZW', NULL, 'Dodo Waluyo', NULL, '+6281546124701', 'dodo.waluyo@gmail.com', '1', 'test'),
('C7M8PJHGT', '361584521366', 'Razan Bin', 'Depok Kukusan Beji', '085314952100', 'monkey.d.akagami@gmail.com', '1', 'bigdeal'),
('DVJWPL32G', NULL, 'Heven', 'jl. kelapa lilin XII', '08999768103', 'hevenrooney@gmail.com', '1', '3WKBXTH20'),
('EHJB71WAK', NULL, 'Rizaldi test', 'jalan', '08123456', 'shadowmagic210@gmail.com', '1', 'LF0U261Z4'),
('ES6U2T0M8', NULL, 'Rizaldi Wiratama', 'JL. Gaharu Barat No. 10', '081299774121', 'shadowmagic103@gmail.com', '1', 'J5MRA3CZWB'),
('GMXHSECF0', NULL, 'Rizaldi We', 'jalan jalan', '08123456', 'rizalwiratama234@yahoo.com', '1', 'PBNICWOZ4'),
('P74MVGRZW', NULL, 'Rizaldi Wiratama Test 123', 'Jalan Jalan Jalan', '08123456789', 'shadowmagic707@gmail.com', '1', 'PWM9DTK6I'),
('QV4XH1EFT', NULL, 'Audhy Smara Sukhma', 'Pondok labu belakang pasar', '+62085288881708', 'fb_tetsu@yahoo.com', '1', '3DKW8W0HN'),
('SM890B64X', NULL, NULL, NULL, '', NULL, '1', 'NR2NNQH0Q'),
('TAOO3RH04', NULL, NULL, NULL, '', NULL, '1', 'CK7DAK6CX'),
('TQ3XTFO37', NULL, 'test', NULL, '+628977631013', 'test@gmail.com', '1', 'DLIK24KS2'),
('WFBN65CNH', NULL, NULL, NULL, '', NULL, '1', 'QLD6RZG2I'),
('XAHJ4Y6OQ', NULL, 'rizla', 'jalan jalan', '0812', 'rizalwiratama1234@yahoo.com', '1', '81HT4KS2O'),
('Z4NVFRS6X', '', 'Rizaldi Wiratamaa', 'Jalan Gaharu Barat No.10', '081299774121', 'rizalwiratama@yahoo.com', '1', '0EG6VQCAK');

-- --------------------------------------------------------

--
-- Table structure for table `tbl_data_discount_rate`
--

CREATE TABLE `tbl_data_discount_rate` (
  `discount_rate` double DEFAULT NULL
) ENGINE=InnoDB DEFAULT CHARSET=latin1;

--
-- Dumping data for table `tbl_data_discount_rate`
--

INSERT INTO `tbl_data_discount_rate` (`discount_rate`) VALUES
(8);

-- --------------------------------------------------------

--
-- Table structure for table `tbl_data_employee`
--

CREATE TABLE `tbl_data_employee` (
  `id_employee` varchar(50) NOT NULL,
  `no_identitas` varchar(50) DEFAULT NULL,
  `nama_lengkap` varchar(50) DEFAULT NULL,
  `tempat_lahir` varchar(50) DEFAULT NULL,
  `tanggal_lahir` date DEFAULT NULL,
  `jenis_kelamin` varchar(50) DEFAULT NULL,
  `agama` varchar(50) DEFAULT NULL,
  `status_marital` varchar(50) DEFAULT NULL,
  `alamat` varchar(150) DEFAULT NULL,
  `tanggal_masuk` date DEFAULT NULL,
  `kontak` varchar(50) DEFAULT NULL,
  `email` varchar(50) DEFAULT NULL,
  `jabatan` varchar(50) DEFAULT NULL,
  `username` varchar(50) DEFAULT NULL,
  `password` varchar(50) DEFAULT NULL,
  `foto_profil` varchar(150) DEFAULT NULL,
  `status` varchar(50) DEFAULT NULL,
  `create_by` varchar(50) DEFAULT NULL,
  `create_date` datetime DEFAULT NULL,
  `update_by` varchar(50) DEFAULT NULL,
  `update_date` datetime DEFAULT NULL
) ENGINE=MyISAM DEFAULT CHARSET=latin1;

--
-- Dumping data for table `tbl_data_employee`
--

INSERT INTO `tbl_data_employee` (`id_employee`, `no_identitas`, `nama_lengkap`, `tempat_lahir`, `tanggal_lahir`, `jenis_kelamin`, `agama`, `status_marital`, `alamat`, `tanggal_masuk`, `kontak`, `email`, `jabatan`, `username`, `password`, `foto_profil`, `status`, `create_by`, `create_date`, `update_by`, `update_date`) VALUES
('0970', '324232342342341', 'Admin e-surya', 'Bandung', '2018-11-14', NULL, 'Islam', 'Lajang', 'California US', '2018-11-13', '052164820', 'stan_lee@ripbygod', 'Administrator', 'Mandor', 'hail11', 'download.png', '1', NULL, NULL, '0970', '2020-03-24 15:55:38'),
('9870', '43424234223423', 'Dominic Sibutarbutar', 'Medan', '2018-11-14', 'Perempuan', 'Katolik', 'Menikah', 'Depok', '2018-11-14', '5456', NULL, 'Marketing', 'Mail', 'mail', NULL, '1', NULL, NULL, '0970', '2018-11-23 15:22:42'),
('32Z28DPHI', '321110101920005', 'Tatang Suherman', 'Sumedang', '1992-01-01', NULL, 'Islam', 'Menikah', 'Komp. Hegarmanah Indah Blok V No. 44 Ds. Hegarmanah Kec. Cikancung Kabupaten Bandung', '2018-11-16', '085317749211', 'tatang.suherman07@gmail.com', 'Administrator', 'Tsuherman', 'sandibaru', '1576913-200.png', '1', NULL, NULL, '32Z28DPHI', '2020-03-31 15:46:32'),
('TEQUFDBID', '90909909090909', 'QA Supportku', 'Jakarta', '2020-03-11', NULL, 'Islam', 'Lajang', 'Jakarta', '2020-03-11', '085771440087', 'project.berkas@gmail.com', 'Administrator', 'qa.support', 'Abc12345', 'imagestestigngku.jpg', '0', '0970', '2020-03-11 17:15:05', '0970', '2020-03-11 17:18:50'),
('EYWBDIQVN', '1234567890-098765', 'Admin E-Surya', 'JKT', '1992-01-01', NULL, 'Islam', 'Lajang', 'JKT', '2020-03-01', '085288881708', 'audhy85@gmail.com', 'Administrator', 'Admin.esurya', '12345678', 'logo_kbt-01.png', '1', '32Z28DPHI', '2020-03-31 15:45:53', '32Z28DPHI', '2020-03-31 21:16:51'),
('6IHZPK0S9', 'SdgSbh', 'Test Operasional', 'JKT', '1988-06-14', 'Laki-laki', 'Islam', 'Lajang', 'JKT', '2020-03-01', '085288881708', 'fb_tetsu@yahoo.com', 'Operasional', 'Operation', 'Operation', 'WhatsApp_Image_2020-02-12_at_12_39_40_PM.jpeg', '1', '32Z28DPHI', '2020-03-31 21:18:36', NULL, NULL),
('T8NXLFNYF', '1234567890-098765', 'es ajT2', 'JKT', '2020-04-08', 'Laki-laki', 'Protestan', 'Lajang', 'JKT', '2020-04-05', '2424', 'gshrs@SrhRhDR.coc', 'Administrator', 'kjhgf', 'kjhgf', 'Screenshot_2020-04-03_at_1_43_40_PM.png', '0', '32Z28DPHI', '2020-04-06 13:22:51', '32Z28DPHI', '2020-04-06 13:22:56');

-- --------------------------------------------------------

--
-- Table structure for table `tbl_data_epc`
--

CREATE TABLE `tbl_data_epc` (
  `kode_epc` int(11) NOT NULL,
  `daya_terpasang` int(11) DEFAULT NULL,
  `pv_wp` int(11) DEFAULT NULL,
  `persentase` double DEFAULT NULL,
  `harga_produk` double DEFAULT NULL
) ENGINE=InnoDB DEFAULT CHARSET=latin1;

--
-- Dumping data for table `tbl_data_epc`
--

INSERT INTO `tbl_data_epc` (`kode_epc`, `daya_terpasang`, `pv_wp`, `persentase`, `harga_produk`) VALUES
(1, 1300, 1100, 85, 31000000),
(2, 2200, 1100, 50, 31000000),
(3, 3500, 1100, 31, 31000000),
(4, 3500, 1650, 47, 39000000),
(5, 3500, 2200, 63, 49000000),
(6, 3900, 1100, 28, 31000000),
(7, 3900, 1650, 42, 39000000),
(8, 3900, 2200, 56, 49000000),
(9, 4400, 1100, 25, 31000000),
(10, 4400, 1650, 38, 39000000),
(11, 4400, 2200, 50, 49000000),
(12, 5500, 1100, 20, 31000000),
(13, 5500, 1650, 30, 39000000),
(14, 5500, 2200, 40, 49000000),
(15, 5500, 2750, 50, 60000000),
(16, 6600, 1100, 17, 31000000),
(17, 6600, 1650, 25, 39000000),
(18, 6600, 2200, 33, 49000000),
(19, 6600, 2750, 42, 60000000),
(20, 7700, 1100, 14, 31000000),
(21, 7700, 1650, 21, 39000000),
(22, 7700, 2200, 29, 49000000),
(23, 7700, 2750, 36, 60000000),
(24, 11000, 1100, 10, 31000000),
(25, 11000, 1650, 15, 39000000),
(26, 11000, 2200, 20, 49000000),
(27, 11000, 2750, 25, 60000000),
(28, 13200, 1100, 8, 31000000),
(29, 13200, 1650, 13, 39000000),
(30, 13200, 2200, 17, 49000000),
(31, 13200, 2750, 21, 60000000),
(32, 13900, 1100, 8, 31000000),
(33, 13900, 1650, 12, 39000000),
(34, 13900, 2200, 16, 49000000),
(35, 13900, 2750, 20, 60000000),
(36, 16500, 1100, 7, 31000000),
(37, 16500, 1650, 10, 39000000),
(38, 16500, 2200, 13, 49000000),
(39, 16500, 2750, 17, 60000000),
(40, 17600, 1100, 6, 31000000),
(41, 17600, 1650, 9, 39000000),
(42, 17600, 2200, 13, 49000000),
(43, 17600, 2750, 16, 60000000),
(44, 22000, 1100, 5, 31000000),
(45, 22000, 1650, 8, 39000000),
(46, 22000, 2200, 10, 49000000),
(47, 22000, 2750, 13, 60000000),
(48, 23000, 1100, 5, 31000000),
(49, 23000, 1650, 7, 39000000),
(50, 23000, 2200, 10, 49000000),
(51, 23000, 2750, 12, 60000000),
(52, 33000, 1100, 3, 31000000),
(53, 33000, 1650, 5, 39000000),
(54, 33000, 2200, 7, 49000000),
(55, 33000, 2750, 8, 60000000),
(56, 3500, 2750, 79, 60000000),
(57, 3900, 2750, 71, 60000000),
(58, 4400, 2750, 63, 60000000),
(59, 5500, 3300, 60, 71000000),
(60, 6600, 3300, 50, 71000000),
(61, 7700, 3300, 43, 71000000),
(62, 11000, 3300, 30, 71000000),
(63, 13200, 3300, 25, 71000000),
(64, 13900, 3300, 24, 71000000),
(65, 16500, 3300, 20, 71000000),
(66, 17600, 3300, 19, 71000000),
(67, 22000, 3300, 15, 71000000),
(68, 23000, 3300, 14, 71000000),
(69, 33000, 3300, 10, 71000000),
(70, 2200, 1650, 75, 39000000),
(71, 3500, 3300, 94, 71000000),
(72, 3900, 3300, 85, 71000000),
(73, 4400, 3300, 75, 71000000),
(74, 10600, 1100, 10, 31000000),
(75, 10600, 1650, 16, 39000000),
(76, 10600, 2200, 21, 49000000),
(77, 10600, 2750, 26, 60000000),
(78, 10600, 3300, 31, 71000000);

-- --------------------------------------------------------

--
-- Table structure for table `tbl_data_golongan_listrik`
--

CREATE TABLE `tbl_data_golongan_listrik` (
  `id_gol` int(11) NOT NULL,
  `nama_golongan` text NOT NULL,
  `tarif` double DEFAULT NULL
) ENGINE=InnoDB DEFAULT CHARSET=latin1;

--
-- Dumping data for table `tbl_data_golongan_listrik`
--

INSERT INTO `tbl_data_golongan_listrik` (`id_gol`, `nama_golongan`, `tarif`) VALUES
(1, 'Rumah Tangga', 1467.28),
(2, 'Bisnis', 1467.28),
(3, 'Sosial', 900),
(4, 'Pemerintah / PJU', 1467.28);

-- --------------------------------------------------------

--
-- Table structure for table `tbl_data_iradiasi`
--

CREATE TABLE `tbl_data_iradiasi` (
  `id_iradiasi` int(11) NOT NULL,
  `kode_pos` varchar(50) DEFAULT NULL,
  `area` text DEFAULT NULL,
  `kwh` int(11) DEFAULT NULL
) ENGINE=InnoDB DEFAULT CHARSET=latin1;

--
-- Dumping data for table `tbl_data_iradiasi`
--

INSERT INTO `tbl_data_iradiasi` (`id_iradiasi`, `kode_pos`, `area`, `kwh`) VALUES
(1, '10210', 'Bendungan Hilir Tanah Abang Jakarta Pusat', 1222),
(2, '10230', 'Kebon Melati Tanah Abang, Jak Pus', 1228),
(3, '10250', 'Kampung Bali, Tanah Abang, Jakpus', 1237),
(4, '10260', 'Petamburan Tanah Abang Jakarta Pusat', 1234),
(5, '10270', 'Gelora, Tanah Abang Jakpus', 1217),
(6, '10320', 'Pegangsaan Jakpus', 1235),
(7, '10410', 'Senen, Jakpus', 1249),
(8, '10460', 'Bungur Senen Jakarta Pusat', 1264),
(9, '10510', 'Cempaka Putih Timur Jaktim', 1270),
(10, '10560', 'Johar Baru, Jakarta Pusat', 1248),
(11, '10570', 'Rawasari Cempaka Putih Jakarta Pusat', 1250),
(12, '11350', 'Grogol, Petamburan Jakbar', 0),
(13, '11480', 'Kemanggisan, Palmerah Jakbar', 1227),
(14, '11540', 'Sukabumi Utara (ilir) Kebon Jeruk, Jak Bar', 1222),
(15, '11620', 'Meruya Utara (Ilir) Kembangan, Jakarta Barat', 1235),
(16, '11640', 'Joglo, Kembangan Jakbar', 1226),
(17, '12120', 'Gunung, Ken Baru. Jaksel', 1220),
(18, '12130', 'Kramat Pela, Keb Baru, Jaksel', 1221),
(19, '12150', 'Cipete Utara Jaksel', 1225),
(20, '12210', 'Grogol Utara Keb Lama Jaksel', 1218),
(21, '12240', 'Kebayoran Lama (Selatan dan Utara) Jakarta Selatan', 1222),
(22, '12250', 'Ulujami, Pesanggrahan, Jaksel', 1222),
(23, '12270', 'Petukangan Selatan Pesangrahan, Jak sel', 1222),
(24, '12310', 'Pondok Pindang, Keb Lama Jakarta Selatan', 1224),
(25, '12330', 'Bintaro Jaksel', 1222),
(26, '12430', 'Cilandak Barat Jaksel', 1231),
(27, '12440', 'Lebak Bulus Cilandak Barat Jaksel', 1222),
(28, '12450', 'Pondok Labu, Cilandak Jaksel', 1241),
(29, '12510', 'Pejaten Barat dan Timur Pasar Minggu Jakarta Selatan', 1235),
(30, '12520', 'Kebagusan, Pasar Minggu JakSel', 1235),
(31, '12530', 'Tanjung Barat JakSel', 1248),
(32, '12540', 'Jati Padang Pasar Minggu Jakarta Selatan', 1232),
(33, '12550', 'Ragunan Pasar Minggu Jakarta Selatan', 1233),
(34, '12560', 'Cilandak Timur, Pasar Minggu Jaksel', 1230),
(35, '12630', 'Ciganjut, Cipedak, Lenteng Agung Jagakarsa Jakarta Selatan', 1255),
(36, '12740', 'Kalibata Pancoran Jakarta Selatan', 1232),
(37, '12760', 'Duren tiga Jakarta Selatan', 1228),
(38, '12770', 'Cikoko, Pengadegan Pancoran Jakarta Selatan', 1234),
(39, '12780', 'Pancoran Jaksel', 1227),
(40, '12810', 'Tebet Barat Jaksel', 1227),
(41, '12820', 'Tebet timur Jaksel', 1229),
(42, '12870', 'Menteng Dalam Tebet Jaksel', 1225),
(43, '12920', 'Karet Setiabudi Jaksel', 1223),
(44, '12950', 'Kuningan Timur Setia Budi Jakarta Selatan', 1221),
(45, '12960', 'Menteng Atas Setia Budi Jakarta Selatan', 1222),
(46, '13110', 'Pisangan Baru Matraman Jakarta Timur', 1238),
(47, '13120', 'Utan Kayu Jaktim', 1244),
(48, '13210', 'Kayu Putih Jaktim', 1272),
(49, '13230', 'Pisangan Timur Jaktim', 1242),
(50, '13240', 'Cipinang, Pulo Gadung Jakarta Timur', 1247),
(51, '13340', 'Cipinang Cempedak Jaktim', 1237),
(52, '13420', 'Cipinang Muara, Jatinegara Jaktim', 1243),
(53, '13430', 'Pondok Bambu Duren Sawit Jaktim', 1248),
(54, '13440', 'Duren Sawit Jaktim', 1253),
(55, '13450', 'Pondok Kelapa Jaktim', 1249),
(56, '13460', 'Malaka Jaya, Malaka Sari, Pondok Kopi Jaktim', 1258),
(57, '13510', 'Kramat Jati, Jaktim', 1243),
(58, '13650', 'Kebon Pala Makasar Jakarta Timur', 1245),
(59, '13720', 'Cibubur Jaktim', 1277),
(60, '13760', 'Gedong Pasar Rebo Jakarta Timur', 1253),
(61, '13770', 'Cijantung Pasar Rebo Jakarta Timur', 1262),
(62, '13810', 'Lubang Buaya, Cipayung Jaktim', 1254),
(63, '13950', 'Pulo Gebang Cakung Jakarta Timur', 1274),
(64, '14140', 'Rorotan, Sukapura Cilincing Jakarta Utara', 1330),
(65, '14240', 'Kelapa Gading Barat & Timur Jakut', 1304),
(66, '14470', 'Kamal Muara Jakut', 1321),
(67, '15154', 'Gaga, Larangan Indah, Larangan Selatan, Larangan Utara, Tangerang', 1221),
(68, '15221', 'Pondok Betung Pondok Aren Tangerang Selatan', 1224),
(69, '15227', 'Perigi Lama Pondok Aren Tangsel, Banten', 1231),
(70, '15229', 'Pondok Pucung Pondok Aren Tangerang Selatan', 1228),
(71, '15310', 'Buaran, Ciater Cilenggang, rawa mekar jawa Tangsel', 1248),
(72, '15311', 'Serpong Tangsel Banten', 1253),
(73, '15323', 'Jelupang Serpong Utara Tengerang Selatan', 1237),
(74, '15325', 'Pakulanon, Serpong Utara TangSel, Banten', 1232),
(75, '15345', 'Sampora Cisauk Tangerang', 1248),
(76, '15412', 'Cempaka Putij, Pondok Ranji, Rempoa, Rengas Ciputat Timur, Tangerang Selatan', 1238),
(77, '15415', 'Bambu Apus, Kedaung Pamulang Tangerang Selatan', 1239),
(78, '15418', 'Benda Baru, pondok cabe ilir, pobdok cabe udik, Tangerang Banten', 1262),
(79, '15810', 'Bencongan sukabakti Tangerang Banten', 1231),
(80, '16112', 'Cilendek Barat dan Timur Bogor Kota Bogor', 1259),
(81, '16116', 'Balungbang Jaya, Margajaya Bogor Barat Kota Bogor', 1278),
(82, '16117', 'Loji, Sindang Barang Bogor Barat Kota Bogor', 1248),
(83, '16144', 'Katulampa Bogor', 1241),
(84, '16161', 'Tanah Sareal Bogor', 1264),
(85, '16164', 'Kedung Badak, Kedung Waringin Bogor', 1266),
(86, '16166', 'Cibadak Tanah Sareal Bogor', 1273),
(87, '16330', 'Bojong Indah, bojong semu, cogreg, iwul jabon mekar, pameger sari,  parung, waru waru jaya PARUNG', 1285),
(88, '16411', 'Mekarjaya, Sukmajaya, Depok', 1274),
(89, '16417', 'Abadijaya, Sukmajaya Depok', 1278),
(90, '16418', 'Baktijaya, Sukmajaya Depok', 1274),
(91, '16421', 'Beji, Beji Depok', 1264),
(92, '16424', 'Pondok Cina Beji Depok', 1267),
(93, '16425', 'Kukusan Beji Depok', 1262),
(94, '16426', 'Tanah Baru Beji Depok', 1263),
(95, '16433', 'Mampang, Pacoran Mas Depok', 1268),
(96, '16451', 'Jatijajar, Pasir Gunung Selatan, Tugu Cimanggi, Depok', 1268),
(97, '16452', 'Cisalak Pasar, Mekarsari, Cimanggis Depok', 1282),
(98, '16513', 'Pangkalan jati, Pangkalan jati Baru, Cinere Depok', 1245),
(99, '16518', 'Duren Mekar, Duren Seribu Pengasihan DEPOK', 1284),
(100, '16710', 'Klapanunggal, Sukaraja, Bogor', 1284),
(101, '16810', 'Babakan Madang Bogor', 1289),
(102, '16820', 'Cileungsi Bogor', 1302),
(103, '16913', 'Karedenan/ Sukahati Cibinong', 1291),
(104, '16917', 'Ciri Mekar, Cibinong Bogor', 1291),
(105, '16963', 'Bojong Nangka, Gunung Putri Bogor', 1295),
(106, '17111', 'Aren Jaya, Bekasi Timur, Bekasi', 1287),
(107, '17112', 'Bekasi Jaya Bekasi Timur Bekasi', 1295),
(108, '17113', 'Margahayu Bekasi Timur', 1265),
(109, '17114', 'Sepanjang Jaya Rawa Lumbu Bekasi', 1263),
(110, '17116', 'Bojong Rawalumbu Rawalumbu Bekasi', 1264),
(111, '17136', 'Bintara Jaya Bekasi Barat', 1272),
(112, '17145', 'Jaka Sampurna Bekasi Barat', 1253),
(113, '17412', 'Jatibening, Jatibening Baru Pondok Gede Bekasi', 1283),
(114, '17413', 'Jatimakmur, Pondok Gede Bekasi', 1252),
(115, '17422', 'Jati Mekar, Jatiasih, Bekasi', 1259),
(116, '17435', 'Jatikarya, Jatisampurna, Bekasi', 1278),
(117, '27124', 'Ngalau Padang Panjang Timur Padang Panjang', 1169),
(118, '29432', 'Baloi Indah, Sadai, Sukajadi, Taman Baloi, Tanjung Buntung, Lubuk Baja, Bengkong,Batam Kota, BATAM, KEPRI', 1226),
(119, '36139', 'Eka Jaya, Lingkar Selatan, Paal Merah, Pasir Putij, Talang Bakung, Tambak Sari Jambi Selatan Jambi', 1189),
(120, '40135', 'Dago, Coblong, Bandung', 1278),
(121, '40191', 'Cibeunying, Cikadut, cigadung, padasuka Bandung', 1297),
(122, '40266', 'Batununggal, Bandung Kidul Bandung', 1366),
(123, '40285', 'Sukapura Kiara Condong Bandung', 1366),
(124, '40287', 'BuahBatu, Cijaura, Cipagalo, Kujangsari, Lengkok, Tegalluar, Bojongsoang, Buahbatu, Bandung kidul, Bandung', 1366),
(125, '40291', 'Antapani Kidul Kulon Tengan Wetan Cicadas Bandung', 1350),
(126, '40376', 'Solokan Jeruk, Pamungpeuk Bandung', 1403),
(127, '40382', 'Biru, Bojong, Majakerta, Majalaya, Majastra, Neglasari, Padamulya, Padaulun,Sukamaju,Sukamukti, Wangisagara, MAJALAYA BANDUNG', 1380),
(128, '40512', 'Citeurep Cimahi Utara Cimahi', 1279),
(129, '40514', 'Pasirkaliki Cimahi Utara Cimahi', 1278),
(130, '42117', 'Cipare, Serang, Banten', 1248),
(131, '42118', 'Sumurpecung Serang', 1254),
(132, '50122', 'Mlatibaru Semarang Timur Semarang', 1425),
(133, '54362', 'Sruweng Kebumen', 1334),
(134, '55281', 'Catur Tunggal Depok Sleman', 1327),
(135, '55581', 'Ngajlik, Sleman, Yogyakarta', 1311),
(136, '55672', 'Banjararum, Banjasari,Banjarharjo, Banjaroyo, Kalibawang, Kulonprogo Yogya', 1349),
(137, '57112', 'Surakarta, Jawa Tengah', 1426),
(138, '57142', 'Purwosari Laweyan Surakarta, JATENG', 1415),
(139, '57762', 'Alasluwo, Banjarharjo,kaliwuluh, kebak,kemiri,Macanan,malangetan, nangsiri, pulosari, waru, KEBAKKRAMAT, KARANGANYAR JATENG', 1435),
(140, '64256', 'Kediri, Jawa Tengah', 1384),
(141, '75124', 'Air Hitam Samrinda Ulu Samarinda', 1132),
(142, '80225', 'Panjer Denpasar Selatan Denpasar', 1531),
(143, '90223', 'Bongaya, Jongaya Tamalate Makasar', 1395);

-- --------------------------------------------------------

--
-- Table structure for table `tbl_data_jenis_atap`
--

CREATE TABLE `tbl_data_jenis_atap` (
  `kode_atap` int(11) NOT NULL,
  `nama_atap` varchar(50) DEFAULT NULL
) ENGINE=InnoDB DEFAULT CHARSET=latin1;

--
-- Dumping data for table `tbl_data_jenis_atap`
--

INSERT INTO `tbl_data_jenis_atap` (`kode_atap`, `nama_atap`) VALUES
(1, 'Genteng Beton'),
(2, 'Gentang Keramik'),
(3, 'Genteng Metal'),
(4, 'Genteng Tanah Liat'),
(5, 'Dak Beton'),
(6, 'Canopy');

-- --------------------------------------------------------

--
-- Table structure for table `tbl_data_kab_kota`
--

CREATE TABLE `tbl_data_kab_kota` (
  `kode_kabkot` char(4) NOT NULL,
  `kode_prov` char(2) NOT NULL,
  `nama_kabkot` text DEFAULT NULL
) ENGINE=InnoDB DEFAULT CHARSET=latin1;

--
-- Dumping data for table `tbl_data_kab_kota`
--

INSERT INTO `tbl_data_kab_kota` (`kode_kabkot`, `kode_prov`, `nama_kabkot`) VALUES
('3101', '31', 'KABUPATEN KEPULAUAN SERIBU'),
('3171', '31', 'KOTA JAKARTA SELATAN'),
('3172', '31', 'KOTA JAKARTA TIMUR'),
('3173', '31', 'KOTA JAKARTA PUSAT'),
('3174', '31', 'KOTA JAKARTA BARAT'),
('3175', '31', 'KOTA JAKARTA UTARA'),
('3201', '32', 'KABUPATEN BOGOR'),
('3202', '32', 'KABUPATEN SUKABUMI'),
('3215', '32', 'KABUPATEN KARAWANG'),
('3216', '32', 'KABUPATEN BEKASI'),
('3271', '32', 'KOTA BOGOR'),
('3272', '32', 'KOTA SUKABUMI'),
('3275', '32', 'KOTA BEKASI'),
('3276', '32', 'KOTA DEPOK'),
('3603', '36', 'KABUPATEN TANGERANG'),
('3671', '36', 'KOTA TANGERANG'),
('3674', '36', 'KOTA TANGERANG SELATAN');

-- --------------------------------------------------------

--
-- Table structure for table `tbl_data_kecamatan`
--

CREATE TABLE `tbl_data_kecamatan` (
  `kode_kecamatan` char(7) NOT NULL,
  `kode_kabkot` char(4) DEFAULT NULL,
  `nama_kecamatan` text DEFAULT NULL
) ENGINE=InnoDB DEFAULT CHARSET=latin1;

--
-- Dumping data for table `tbl_data_kecamatan`
--

INSERT INTO `tbl_data_kecamatan` (`kode_kecamatan`, `kode_kabkot`, `nama_kecamatan`) VALUES
('3101010', '3101', 'KEPULAUAN SERIBU SELATAN'),
('3101020', '3101', 'KEPULAUAN SERIBU UTARA'),
('3171010', '3171', 'JAGAKARSA'),
('3171020', '3171', 'PASAR MINGGU'),
('3171030', '3171', 'CILANDAK'),
('3171040', '3171', 'PESANGGRAHAN'),
('3171050', '3171', 'KEBAYORAN LAMA'),
('3171060', '3171', 'KEBAYORAN BARU'),
('3171070', '3171', 'MAMPANG PRAPATAN'),
('3171080', '3171', 'PANCORAN'),
('3171090', '3171', 'TEBET'),
('3171100', '3171', 'SETIA BUDI'),
('3172010', '3172', 'PASAR REBO'),
('3172020', '3172', 'CIRACAS'),
('3172030', '3172', 'CIPAYUNG'),
('3172040', '3172', 'MAKASAR'),
('3172050', '3172', 'KRAMAT JATI'),
('3172060', '3172', 'JATINEGARA'),
('3172070', '3172', 'DUREN SAWIT'),
('3172080', '3172', 'CAKUNG'),
('3172090', '3172', 'PULO GADUNG'),
('3172100', '3172', 'MATRAMAN'),
('3173010', '3173', 'TANAH ABANG'),
('3173020', '3173', 'MENTENG'),
('3173030', '3173', 'SENEN'),
('3173040', '3173', 'JOHAR BARU'),
('3173050', '3173', 'CEMPAKA PUTIH'),
('3173060', '3173', 'KEMAYORAN'),
('3173070', '3173', 'SAWAH BESAR'),
('3173080', '3173', 'GAMBIR'),
('3174010', '3174', 'KEMBANGAN'),
('3174020', '3174', 'KEBON JERUK'),
('3174030', '3174', 'PALMERAH'),
('3174040', '3174', 'GROGOL PETAMBURAN'),
('3174050', '3174', 'TAMBORA'),
('3174060', '3174', 'TAMAN SARI'),
('3174070', '3174', 'CENGKARENG'),
('3174080', '3174', 'KALI DERES'),
('3175010', '3175', 'PENJARINGAN'),
('3175020', '3175', 'PADEMANGAN'),
('3175030', '3175', 'TANJUNG PRIOK'),
('3175040', '3175', 'KOJA'),
('3175050', '3175', 'KELAPA GADING'),
('3175060', '3175', 'CILINCING'),
('3201010', '3201', 'NANGGUNG'),
('3201020', '3201', 'LEUWILIANG'),
('3201021', '3201', 'LEUWISADENG'),
('3201030', '3201', 'PAMIJAHAN'),
('3201040', '3201', 'CIBUNGBULANG'),
('3201050', '3201', 'CIAMPEA'),
('3201051', '3201', 'TENJOLAYA'),
('3201060', '3201', 'DRAMAGA'),
('3201070', '3201', 'CIOMAS'),
('3201071', '3201', 'TAMANSARI'),
('3201080', '3201', 'CIJERUK'),
('3201081', '3201', 'CIGOMBONG'),
('3201090', '3201', 'CARINGIN'),
('3201100', '3201', 'CIAWI'),
('3201110', '3201', 'CISARUA'),
('3201120', '3201', 'MEGAMENDUNG'),
('3201130', '3201', 'SUKARAJA'),
('3201140', '3201', 'BABAKAN MADANG'),
('3201150', '3201', 'SUKAMAKMUR'),
('3201160', '3201', 'CARIU'),
('3201161', '3201', 'TANJUNGSARI'),
('3201170', '3201', 'JONGGOL'),
('3201180', '3201', 'CILEUNGSI'),
('3201181', '3201', 'KELAPA NUNGGAL'),
('3201190', '3201', 'GUNUNG PUTRI'),
('3201200', '3201', 'CITEUREUP'),
('3201210', '3201', 'CIBINONG'),
('3201220', '3201', 'BOJONG GEDE'),
('3201221', '3201', 'TAJUR HALANG'),
('3201230', '3201', 'KEMANG'),
('3201231', '3201', 'RANCA BUNGUR'),
('3201240', '3201', 'PARUNG'),
('3201241', '3201', 'CISEENG'),
('3201250', '3201', 'GUNUNG SINDUR'),
('3201260', '3201', 'RUMPIN'),
('3201270', '3201', 'CIGUDEG'),
('3201271', '3201', 'SUKAJAYA'),
('3201280', '3201', 'JASINGA'),
('3201290', '3201', 'TENJO'),
('3201300', '3201', 'PARUNG PANJANG'),
('3202010', '3202', 'CIEMAS'),
('3202020', '3202', 'CIRACAP'),
('3202021', '3202', 'WALURAN'),
('3202030', '3202', 'SURADE'),
('3202031', '3202', 'CIBITUNG'),
('3202040', '3202', 'JAMPANG KULON'),
('3202041', '3202', 'CIMANGGU'),
('3202050', '3202', 'KALI BUNDER'),
('3202060', '3202', 'TEGAL BULEUD'),
('3202070', '3202', 'CIDOLOG'),
('3202080', '3202', 'SAGARANTEN'),
('3202081', '3202', 'CIDADAP'),
('3202082', '3202', 'CURUGKEMBAR'),
('3202090', '3202', 'PABUARAN'),
('3202100', '3202', 'LENGKONG'),
('3202110', '3202', 'PALABUHANRATU'),
('3202111', '3202', 'SIMPENAN'),
('3202120', '3202', 'WARUNG KIARA'),
('3202121', '3202', 'BANTARGADUNG'),
('3202130', '3202', 'JAMPANG TENGAH'),
('3202131', '3202', 'PURABAYA'),
('3202140', '3202', 'CIKEMBAR'),
('3202150', '3202', 'NYALINDUNG'),
('3202160', '3202', 'GEGER BITUNG'),
('3202170', '3202', 'SUKARAJA'),
('3202171', '3202', 'KEBONPEDES'),
('3202172', '3202', 'CIREUNGHAS'),
('3202173', '3202', 'SUKALARANG'),
('3202180', '3202', 'SUKABUMI'),
('3202190', '3202', 'KADUDAMPIT'),
('3202200', '3202', 'CISAAT'),
('3202201', '3202', 'GUNUNGGURUH'),
('3202210', '3202', 'CIBADAK'),
('3202211', '3202', 'CICANTAYAN'),
('3202212', '3202', 'CARINGIN'),
('3202220', '3202', 'NAGRAK'),
('3202221', '3202', 'CIAMBAR'),
('3202230', '3202', 'CICURUG'),
('3202240', '3202', 'CIDAHU'),
('3202250', '3202', 'PARAKAN SALAK'),
('3202260', '3202', 'PARUNG KUDA'),
('3202261', '3202', 'BOJONG GENTENG'),
('3202270', '3202', 'KALAPA NUNGGAL'),
('3202280', '3202', 'CIKIDANG'),
('3202290', '3202', 'CISOLOK'),
('3202291', '3202', 'CIKAKAK'),
('3202300', '3202', 'KABANDUNGAN'),
('3215010', '3215', 'PANGKALAN'),
('3215011', '3215', 'TEGALWARU'),
('3215020', '3215', 'CIAMPEL'),
('3215031', '3215', 'TELUKJAMBE TIMUR'),
('3215032', '3215', 'TELUKJAMBE BARAT'),
('3215040', '3215', 'KLARI'),
('3215050', '3215', 'CIKAMPEK'),
('3215051', '3215', 'PURWASARI'),
('3215060', '3215', 'TIRTAMULYA'),
('3215070', '3215', 'JATISARI'),
('3215071', '3215', 'BANYUSARI'),
('3215072', '3215', 'KOTABARU'),
('3215081', '3215', 'CILAMAYA WETAN'),
('3215082', '3215', 'CILAMAYA KULON'),
('3215090', '3215', 'LEMAHABANG'),
('3215100', '3215', 'TALAGASARI'),
('3215111', '3215', 'MAJALAYA'),
('3215112', '3215', 'KARAWANG TIMUR'),
('3215113', '3215', 'KARAWANG BARAT'),
('3215120', '3215', 'RAWAMERTA'),
('3215130', '3215', 'TEMPURAN'),
('3215140', '3215', 'KUTAWALUYA'),
('3215150', '3215', 'RENGASDENGKLOK'),
('3215151', '3215', 'JAYAKERTA'),
('3215160', '3215', 'PEDES'),
('3215161', '3215', 'CILEBAR'),
('3215170', '3215', 'CIBUAYA'),
('3215180', '3215', 'TIRTAJAYA'),
('3215190', '3215', 'BATUJAYA'),
('3215200', '3215', 'PAKISJAYA'),
('3216010', '3216', 'SETU'),
('3216021', '3216', 'SERANG BARU'),
('3216022', '3216', 'CIKARANG PUSAT'),
('3216023', '3216', 'CIKARANG SELATAN'),
('3216030', '3216', 'CIBARUSAH'),
('3216031', '3216', 'BOJONGMANGU'),
('3216041', '3216', 'CIKARANG TIMUR'),
('3216050', '3216', 'KEDUNGWARINGIN'),
('3216061', '3216', 'CIKARANG UTARA'),
('3216062', '3216', 'KARANGBAHAGIA'),
('3216070', '3216', 'CIBITUNG'),
('3216071', '3216', 'CIKARANG BARAT'),
('3216081', '3216', 'TAMBUN SELATAN'),
('3216082', '3216', 'TAMBUN UTARA'),
('3216090', '3216', 'BABELAN'),
('3216100', '3216', 'TARUMAJAYA'),
('3216110', '3216', 'TAMBELANG'),
('3216111', '3216', 'SUKAWANGI'),
('3216120', '3216', 'SUKATANI'),
('3216121', '3216', 'SUKAKARYA'),
('3216130', '3216', 'PEBAYURAN'),
('3216140', '3216', 'CABANGBUNGIN'),
('3216150', '3216', 'MUARA GEMBONG'),
('3271010', '3271', 'BOGOR SELATAN'),
('3271020', '3271', 'BOGOR TIMUR'),
('3271030', '3271', 'BOGOR UTARA'),
('3271040', '3271', 'BOGOR TENGAH'),
('3271050', '3271', 'BOGOR BARAT'),
('3271060', '3271', 'TANAH SEREAL'),
('3272010', '3272', 'BAROS'),
('3272011', '3272', 'LEMBURSITU'),
('3272012', '3272', 'CIBEUREUM'),
('3272020', '3272', 'CITAMIANG'),
('3272030', '3272', 'WARUDOYONG'),
('3272040', '3272', 'GUNUNG PUYUH'),
('3272050', '3272', 'CIKOLE'),
('3275010', '3275', 'PONDOKGEDE'),
('3275011', '3275', 'JATISAMPURNA'),
('3275012', '3275', 'PONDOKMELATI'),
('3275020', '3275', 'JATIASIH'),
('3275030', '3275', 'BANTARGEBANG'),
('3275031', '3275', 'MUSTIKAJAYA'),
('3275040', '3275', 'BEKASI TIMUR'),
('3275041', '3275', 'RAWALUMBU'),
('3275050', '3275', 'BEKASI SELATAN'),
('3275060', '3275', 'BEKASI BARAT'),
('3275061', '3275', 'MEDAN SATRIA'),
('3275070', '3275', 'BEKASI UTARA'),
('3276010', '3276', 'SAWANGAN'),
('3276011', '3276', 'BOJONGSARI'),
('3276020', '3276', 'PANCORAN MAS'),
('3276021', '3276', 'CIPAYUNG'),
('3276030', '3276', 'SUKMA JAYA'),
('3276031', '3276', 'CILODONG'),
('3276040', '3276', 'CIMANGGIS'),
('3276041', '3276', 'TAPOS'),
('3276050', '3276', 'BEJI'),
('3276060', '3276', 'LIMO'),
('3276061', '3276', 'CINERE'),
('3603010', '3603', 'CISOKA'),
('3603011', '3603', 'SOLEAR'),
('3603020', '3603', 'TIGARAKSA'),
('3603021', '3603', 'JAMBE'),
('3603030', '3603', 'CIKUPA'),
('3603040', '3603', 'PANONGAN'),
('3603050', '3603', 'CURUG'),
('3603051', '3603', 'KELAPA DUA'),
('3603060', '3603', 'LEGOK'),
('3603070', '3603', 'PAGEDANGAN'),
('3603081', '3603', 'CISAUK'),
('3603120', '3603', 'PASARKEMIS'),
('3603121', '3603', 'SINDANG JAYA'),
('3603130', '3603', 'BALARAJA'),
('3603131', '3603', 'JAYANTI'),
('3603132', '3603', 'SUKAMULYA'),
('3603140', '3603', 'KRESEK'),
('3603141', '3603', 'GUNUNG KALER'),
('3603150', '3603', 'KRONJO'),
('3603151', '3603', 'MEKAR BARU'),
('3603160', '3603', 'MAUK'),
('3603161', '3603', 'KEMIRI'),
('3603162', '3603', 'SUKADIRI'),
('3603170', '3603', 'RAJEG'),
('3603180', '3603', 'SEPATAN'),
('3603181', '3603', 'SEPATAN TIMUR'),
('3603190', '3603', 'PAKUHAJI'),
('3603200', '3603', 'TELUKNAGA'),
('3603210', '3603', 'KOSAMBI'),
('3671010', '3671', 'CILEDUG'),
('3671011', '3671', 'LARANGAN'),
('3671012', '3671', 'KARANG TENGAH'),
('3671020', '3671', 'CIPONDOH'),
('3671021', '3671', 'PINANG'),
('3671030', '3671', 'TANGERANG'),
('3671031', '3671', 'KARAWACI'),
('3671040', '3671', 'JATI UWUNG'),
('3671041', '3671', 'CIBODAS'),
('3671042', '3671', 'PERIUK'),
('3671050', '3671', 'BATUCEPER'),
('3671051', '3671', 'NEGLASARI'),
('3671060', '3671', 'BENDA'),
('3674010', '3674', 'SETU'),
('3674020', '3674', 'SERPONG'),
('3674030', '3674', 'PAMULANG'),
('3674040', '3674', 'CIPUTAT'),
('3674050', '3674', 'CIPUTAT TIMUR'),
('3674060', '3674', 'PONDOK AREN'),
('3674070', '3674', 'SERPONG UTARA');

-- --------------------------------------------------------

--
-- Table structure for table `tbl_data_keldesa`
--

CREATE TABLE `tbl_data_keldesa` (
  `kode_keldesa` char(10) NOT NULL,
  `kode_kecamatan` char(7) DEFAULT NULL,
  `nama_kel_desa` text DEFAULT NULL,
  `kwh` int(11) DEFAULT NULL
) ENGINE=InnoDB DEFAULT CHARSET=latin1;

--
-- Dumping data for table `tbl_data_keldesa`
--

INSERT INTO `tbl_data_keldesa` (`kode_keldesa`, `kode_kecamatan`, `nama_kel_desa`, `kwh`) VALUES
('3101010001', '3101010', 'PULAU TIDUNG', 1358),
('3101010002', '3101010', 'PULAU PARI', 1365),
('3101010003', '3101010', 'PULAU UNTUNG JAWA', 1369),
('3101020001', '3101020', 'PULAU PANGGANG', 1348),
('3101020002', '3101020', 'PULAU KELAPA', 1333),
('3101020003', '3101020', 'PULAU HARAPAN', 1333),
('3171010001', '3171010', 'CIPEDAK', 1261),
('3171010002', '3171010', 'SRENGSENG SAWAH', 1261),
('3171010003', '3171010', 'CIGANJUR', 1254),
('3171010004', '3171010', 'JAGAKARSA', 1238),
('3171010005', '3171010', 'LENTENG AGUNG', 1254),
('3171010006', '3171010', 'TANJUNG BARAT', 1248),
('3171020001', '3171020', 'CILANDAK TIMUR', 1230),
('3171020002', '3171020', 'RAGUNAN', 1233),
('3171020003', '3171020', 'KEBAGUSAN', 1233),
('3171020004', '3171020', 'PASAR MINGGU', 1240),
('3171020005', '3171020', 'JATI PADANG', 1232),
('3171020006', '3171020', 'PEJATEN BARAT', 1232),
('3171020007', '3171020', 'PEJATEN TIMUR', 1237),
('3171030001', '3171030', 'LEBAK BULUS', 1230),
('3171030002', '3171030', 'PONDOK LABU', 1241),
('3171030003', '3171030', 'CILANDAK BARAT', 1237),
('3171030004', '3171030', 'GANDARIA SELATAN', 1225),
('3171030005', '3171030', 'CIPETE SELATAN', 1226),
('3171040001', '3171040', 'BINTARO', 1224),
('3171040002', '3171040', 'PESANGGRAHAN', 1221),
('3171040003', '3171040', 'ULUJAMI', 1221),
('3171040004', '3171040', 'PETUKANGAN SELATAN', 1222),
('3171040005', '3171040', 'PETUKANGAN UTARA', 1225),
('3171050001', '3171050', 'PONDOK PINANG', 1226),
('3171050002', '3171050', 'KEBAYORAN LAMA SELATAN', 1220),
('3171050003', '3171050', 'KEBAYORAN LAMA UTARA', 1220),
('3171050004', '3171050', 'CIPULIR', 1220),
('3171050005', '3171050', 'GROGOL SELATAN', 1219),
('3171050006', '3171050', 'GROGOL UTARA', 1218),
('3171060001', '3171060', 'GANDARIA UTARA', 1223),
('3171060002', '3171060', 'CIPETE UTARA', 1225),
('3171060003', '3171060', 'PULO', 1223),
('3171060004', '3171060', 'PETOGOGAN', 1222),
('3171060005', '3171060', 'MELAWAI', 1222),
('3171060006', '3171060', 'KRAMAT PELA', 1220),
('3171060007', '3171060', 'GUNUNG', 1220),
('3171060008', '3171060', 'SELONG', 1220),
('3171060009', '3171060', 'RAWA BARAT', 1221),
('3171060010', '3171060', 'SENAYAN', 1218),
('3171070001', '3171070', 'BANGKA', 1226),
('3171070002', '3171070', 'PELA MAMPANG', 1224),
('3171070003', '3171070', 'TEGAL PARANG', 1226),
('3171070004', '3171070', 'MAMPANG PRAPATAN', 1225),
('3171070005', '3171070', 'KUNINGAN BARAT', 1221),
('3171080001', '3171080', 'KALIBATA', 1230),
('3171080002', '3171080', 'RAWAJATI', 1234),
('3171080003', '3171080', 'DUREN TIGA', 1228),
('3171080004', '3171080', 'PANCORAN', 1227),
('3171080005', '3171080', 'PENGADEGAN', 1231),
('3171080006', '3171080', 'CIKOKO', 1230),
('3171090001', '3171090', 'MENTENG DALAM', 1224),
('3171090002', '3171090', 'TEBET BARAT', 1227),
('3171090003', '3171090', 'TEBET TIMUR', 1230),
('3171090004', '3171090', 'KEBON BARU', 1233),
('3171090005', '3171090', 'BUKIT DURI', 1231),
('3171090006', '3171090', 'MANGGARAI SELATAN', 1225),
('3171090007', '3171090', 'MANGGARAI', 1230),
('3171100001', '3171100', 'KARET SEMANGGI', 1219),
('3171100002', '3171100', 'KUNINGAN TIMUR', 1222),
('3171100003', '3171100', 'KARET KUNINGAN', 1221),
('3171100004', '3171100', 'KARET', 1223),
('3171100005', '3171100', 'MENTENG ATAS', 1222),
('3171100006', '3171100', 'PASAR MANGGIS', 1228),
('3171100007', '3171100', 'GUNTUR', 1227),
('3171100008', '3171100', 'SETIA BUDI', 1226),
('3172010001', '3172010', 'PEKAYON', 1270),
('3172010002', '3172010', 'KALISARI', 1263),
('3172010003', '3172010', 'BARU', 1255),
('3172010004', '3172010', 'CIJANTUNG', 1258),
('3172010005', '3172010', 'GEDONG', 1249),
('3172020001', '3172020', 'CIBUBUR', 1278),
('3172020002', '3172020', 'KELAPA DUA WETAN', 1273),
('3172020003', '3172020', 'CIRACAS', 1267),
('3172020004', '3172020', 'SUSUKAN', 1258),
('3172020005', '3172020', 'RAMBUTAN', 1258),
('3172030001', '3172030', 'PONDOK RANGGON', 1280),
('3172030002', '3172030', 'CILANGKAP', 1272),
('3172030003', '3172030', 'MUNJUL', 1278),
('3172030004', '3172030', 'CIPAYUNG', 1271),
('3172030005', '3172030', 'SETU', 1264),
('3172030006', '3172030', 'BAMBU APUS', 1261),
('3172030007', '3172030', 'CEGER', 1262),
('3172030008', '3172030', 'LUBANG BUAYA', 1256),
('3172040001', '3172040', 'PINANG RANTI', 1251),
('3172040002', '3172040', 'MAKASAR', 1246),
('3172040003', '3172040', 'KEBON PALA', 1245),
('3172040004', '3172040', 'HALIM PERDANA KUSUMAH', 1247),
('3172040005', '3172040', 'CIPINANG MELAYU', 1246),
('3172050001', '3172050', 'BALE KAMBANG', 1240),
('3172050002', '3172050', 'BATU AMPAR', 1243),
('3172050003', '3172050', 'KAMPUNG TENGAH', 1247),
('3172050004', '3172050', 'DUKUH', 1253),
('3172050005', '3172050', 'KRAMAT JATI', 1243),
('3172050006', '3172050', 'CILILITAN', 1239),
('3172050007', '3172050', 'CAWANG', 1239),
('3172060001', '3172060', 'BIDARA CINA', 1238),
('3172060002', '3172060', 'CIPINANG CEMPEDAK', 1239),
('3172060003', '3172060', 'CIPINANG BESAR SELATAN', 1241),
('3172060004', '3172060', 'CIPINANG MUARA', 1243),
('3172060005', '3172060', 'CIPINANG BESAR UTARA', 1239),
('3172060006', '3172060', 'RAWA BUNGA', 1235),
('3172060007', '3172060', 'BALI MESTER', 1235),
('3172060008', '3172060', 'KAMPUNG MELAYU', 1238),
('3172070001', '3172070', 'PONDOK BAMBU', 1251),
('3172070003', '3172070', 'PONDOK KELAPA', 1253),
('3172070004', '3172070', 'PONDOK KOPI', 1260),
('3172070005', '3172070', 'MALAKA JAYA', 1260),
('3172070006', '3172070', 'MALAKA SARI', 1257),
('3172070007', '3172070', 'KLENDER', 1253),
('3172080001', '3172080', 'JATINEGARA', 1260),
('3172080002', '3172080', 'PENGGILINGAN', 1270),
('3172080003', '3172080', 'PULO GEBANG', 1274),
('3172080004', '3172080', 'UJUNG MENTENG', 1302),
('3172080005', '3172080', 'CAKUNG TIMUR', 1314),
('3172080006', '3172080', 'CAKUNG BARAT', 1309),
('3172080007', '3172080', 'RAWA TERATE', 1286),
('3172090001', '3172090', 'PISANGAN TIMUR', 1243),
('3172090002', '3172090', 'CIPINANG', 1249),
('3172090003', '3172090', 'JATINEGARA KAUM', 1254),
('3172090004', '3172090', 'JATI', 1262),
('3172090005', '3172090', 'RAWAMANGUN', 1250),
('3172090006', '3172090', 'KAYU PUTIH', 1272),
('3172090007', '3172090', 'PULO GADUNG', 1277),
('3172100001', '3172100', 'KEBON MANGGIS', 1234),
('3172100002', '3172100', 'PAL MERIEM', 1240),
('3172100003', '3172100', 'PISANGAN BARU', 1237),
('3172100004', '3172100', 'KAYU MANIS', 1238),
('3172100005', '3172100', 'UTAN KAYU SELATAN', 1244),
('3172100006', '3172100', 'UTAN KAYU UTARA', 1244),
('3173010001', '3173010', 'GELORA', 1217),
('3173010002', '3173010', 'BENDUNGAN HILIR', 1225),
('3173010003', '3173010', 'KARET TENGSIN', 1224),
('3173010004', '3173010', 'KEBON MELATI', 1230),
('3173010005', '3173010', 'PETAMBURAN', 1234),
('3173010006', '3173010', 'KEBON KACANG', 1235),
('3173010007', '3173010', 'KAMPUNG BALI', 1237),
('3173020001', '3173020', 'MENTENG', 1234),
('3173020002', '3173020', 'PEGANGSAAN', 1235),
('3173020003', '3173020', 'CIKINI', 1239),
('3173020004', '3173020', 'GONDANGDIA', 1238),
('3173020005', '3173020', 'KEBON SIRIH', 1241),
('3173030001', '3173030', 'KENARI', 1221),
('3173030002', '3173030', 'PASEBAN', 1228),
('3173030003', '3173030', 'KRAMAT', 1231),
('3173030004', '3173030', 'KWITANG', 1245),
('3173030005', '3173030', 'SENEN', 1249),
('3173030006', '3173030', 'BUNGUR', 1264),
('3173040001', '3173040', 'JOHAR BARU', 1250),
('3173040002', '3173040', 'KAMPUNG RAWA', 1254),
('3173040003', '3173040', 'TANAH TINGGI', 1252),
('3173040004', '3173040', 'GALUR', 1242),
('3173050001', '3173050', 'RAWA SARI', 1249),
('3173050002', '3173050', 'CEMPAKA PUTIH TIMUR', 1270),
('3173050003', '3173050', 'CEMPAKA PUTIH BARAT', 1239),
('3173060001', '3173060', 'HARAPAN MULYA', 1266),
('3173060002', '3173060', 'CEMPAKA BARU', 1272),
('3173060003', '3173060', 'SUMUR BATU', 1277),
('3173060004', '3173060', 'SERDANG', 1280),
('3173060005', '3173060', 'UTAN PANJANG', 1270),
('3173060006', '3173060', 'KEBON KOSONG', 1262),
('3173060007', '3173060', 'KEMAYORAN', 1253),
('3173060008', '3173060', 'GUNUNG SAHARI SELATAN', 1262),
('3173070001', '3173070', 'PASAR BARU', 1265),
('3173070002', '3173070', 'GUNUNG SAHARI UTARA', 1283),
('3173070003', '3173070', 'KARTINI', 1279),
('3173070004', '3173070', 'KARANG ANYAR', 1278),
('3173070005', '3173070', 'MANGGA DUA SELATAN', 1292),
('3173080001', '3173080', 'CIDENG', 1243),
('3173080002', '3173080', 'PETOJO SELATAN', 1256),
('3173080003', '3173080', 'GAMBIR', 1250),
('3173080004', '3173080', 'KEBON KELAPA', 1269),
('3173080005', '3173080', 'PETOJO UTARA', 1234),
('3173080006', '3173080', 'DURI PULO', 1264),
('3174010001', '3174010', 'JOGLO', 1226),
('3174010002', '3174010', 'SRENGSENG', 1232),
('3174010003', '3174010', 'MERUYA SELATAN', 1230),
('3174010004', '3174010', 'MERUYA UTARA', 1235),
('3174010005', '3174010', 'KEMBANGAN SELATAN', 1241),
('3174010006', '3174010', 'KEMBANGAN UTARA', 1254),
('3174020001', '3174020', 'SUKABUMI SELATAN', 1221),
('3174020002', '3174020', 'SUKABUMI UTARA', 1222),
('3174020003', '3174020', 'KELAPA DUA', 1225),
('3174020004', '3174020', 'KEBON JERUK', 1228),
('3174020005', '3174020', 'DURI KEPA', 1258),
('3174020006', '3174020', 'KEDOYA SELATAN', 1239),
('3174020007', '3174020', 'KEDOYA UTARA', 1239),
('3174030001', '3174030', 'PALMERAH', 1227),
('3174030002', '3174030', 'SLIPI', 1234),
('3174030003', '3174030', 'KEMANGGISAN', 1234),
('3174030004', '3174030', 'KOTA BAMBU UTARA', 1238),
('3174030005', '3174030', 'KOTA BAMBU SELATAN', 1236),
('3174030006', '3174030', 'JATI PULO', 1246),
('3174040001', '3174040', 'TANJUNG DUREN UTARA', 1253),
('3174040002', '3174040', 'TANJUNG DUREN SELATAN', 1241),
('3174040003', '3174040', 'TOMANG', 1257),
('3174040004', '3174040', 'GROGOL', 1273),
('3174040005', '3174040', 'JELAMBAR', 1286),
('3174040006', '3174040', 'WIJAYA KESUMA', 1279),
('3174040007', '3174040', 'JELAMBAR BARU', 1286),
('3174050001', '3174050', 'KALIANYAR', 1271),
('3174050002', '3174050', 'DURI SELATAN', 1271),
('3174050003', '3174050', 'TANAH SEREAL', 1269),
('3174050004', '3174050', 'DURI UTARA', 1277),
('3174050005', '3174050', 'KRENDANG', 1282),
('3174050006', '3174050', 'JEMBATAN BESI', 1283),
('3174050007', '3174050', 'ANGKE', 1289),
('3174050008', '3174050', 'JEMBATAN LIMA', 1289),
('3174050009', '3174050', 'TAMBORA', 1288),
('3174050010', '3174050', 'ROA MALAKA', 1299),
('3174050011', '3174050', 'PEKOJAN', 1298),
('3174060001', '3174060', 'KRUKUT', 1272),
('3174060002', '3174060', 'MAPHAR', 1281),
('3174060003', '3174060', 'TAMAN SARI', 1279),
('3174060004', '3174060', 'TANGKI', 1286),
('3174060005', '3174060', 'MANGGA BESAR', 1287),
('3174060006', '3174060', 'KEAGUNGAN', 1280),
('3174060007', '3174060', 'GLODOK', 1281),
('3174060008', '3174060', 'PINANGSIA', 1296),
('3174070001', '3174070', 'DURI KOSAMBI', 1262),
('3174070002', '3174070', 'RAWA BUAYA', 1261),
('3174070003', '3174070', 'KEDAUNG KALI ANGKE', 1286),
('3174070004', '3174070', 'KAPUK', 1284),
('3174070005', '3174070', 'CENGKARENG TIMUR', 1283),
('3174070006', '3174070', 'CENGKARENG BARAT', 1282),
('3174080001', '3174080', 'SEMANAN', 1271),
('3174080002', '3174080', 'KALIDERES', 1281),
('3174080003', '3174080', 'PEGADUNGAN', 1306),
('3174080004', '3174080', 'TEGAL ALUR', 1329),
('3174080005', '3174080', 'KAMAL', 1335),
('3175010001', '3175010', 'KAMAL MUARA', 1339),
('3175010002', '3175010', 'KAPUK MUARA', 1297),
('3175010003', '3175010', 'PEJAGALAN', 1300),
('3175010004', '3175010', 'PENJARINGAN', 1322),
('3175010005', '3175010', 'PLUIT', 1321),
('3175020001', '3175020', 'PADEMANGAN BARAT', 1301),
('3175020002', '3175020', 'PADEMANGAN TIMUR', 1296),
('3175020003', '3175020', 'ANCOL', 1308),
('3175030001', '3175030', 'SUNTER AGUNG', 1284),
('3175030002', '3175030', 'SUNTER JAYA', 1284),
('3175030003', '3175030', 'PAPANGO', 1317),
('3175030004', '3175030', 'WARAKAS', 1327),
('3175030005', '3175030', 'SUNGAI BAMBU', 1321),
('3175030006', '3175030', 'KEBON BAWANG', 1330),
('3175030007', '3175030', 'TANJUNG PRIUK', 1336),
('3175040001', '3175040', 'RAWABADAK SELATAN', 1339),
('3175040002', '3175040', 'TUGU SELATAN', 1328),
('3175040003', '3175040', 'TUGU UTARA', 1333),
('3175040004', '3175040', 'LAGOA', 1336),
('3175040005', '3175040', 'RAWABADAK UTARA', 1327),
('3175040006', '3175040', 'KOJA', 1332),
('3175050001', '3175050', 'KELAPA GADING BARAT', 1276),
('3175050002', '3175050', 'KELAPA GADING TIMUR', 1301),
('3175050003', '3175050', 'PEGANGSAAN DUA', 1329),
('3175060001', '3175060', 'SUKA PURA', 1332),
('3175060002', '3175060', 'ROROTAN', 1341),
('3175060003', '3175060', 'MARUNDA', 1347),
('3175060004', '3175060', 'CILINCING', 1343),
('3175060005', '3175060', 'SEMPER TIMUR', 1340),
('3175060006', '3175060', 'SEMPER BARAT', 1338),
('3175060007', '3175060', 'KALI BARU', 1340),
('3201010001', '3201010', 'MALASARI', 1166),
('3201010002', '3201010', 'BANTAR KARET', 1203),
('3201010003', '3201010', 'CISARUA', 1191),
('3201010004', '3201010', 'CURUG BITUNG', 1220),
('3201010005', '3201010', 'NANGGUNG', 1236),
('3201010006', '3201010', 'PANGKAL JAYA', 1230),
('3201010007', '3201010', 'SUKALUYU', 1269),
('3201010008', '3201010', 'HAMBARO', 1273),
('3201010009', '3201010', 'KALONG LIUD', 1260),
('3201010010', '3201010', 'PARAKAN MUNCANG', 1273),
('3201010011', '3201010', 'BATU TULIS', 1244),
('3201020001', '3201020', 'PURASARI', 1160),
('3201020002', '3201020', 'PURASEDA', 1181),
('3201020003', '3201020', 'KARYASARI', 1251),
('3201020004', '3201020', 'PABANGBON', 1246),
('3201020005', '3201020', 'KARACAK', 1261),
('3201020006', '3201020', 'BARENGKOK', 1285),
('3201020007', '3201020', 'CIBEBER II', 1296),
('3201020016', '3201020', 'CIBEBER I', 1296),
('3201020017', '3201020', 'LEUWIMEKAR', 1292),
('3201020018', '3201020', 'LEUWILIANG', 1294),
('3201020019', '3201020', 'KAREHKEL', 1302),
('3201021001', '3201021', 'WANGUN JAYA', 1189),
('3201021002', '3201021', 'SADENGKOLOT', 1275),
('3201021003', '3201021', 'LEUWISADENG', 1286),
('3201021004', '3201021', 'SIBANTENG', 1288),
('3201021005', '3201021', 'BABAKAN SADENG', 1284),
('3201021006', '3201021', 'SADENG', 1275),
('3201021007', '3201021', 'KALONG II', 1296),
('3201021008', '3201021', 'KALONG I', 1296),
('3201030001', '3201030', 'CIBUNIAN', 1131),
('3201030002', '3201030', 'PURWABAKTI', 1040),
('3201030003', '3201030', 'CIASMARA', 1057),
('3201030004', '3201030', 'CIASIHAN', 1014),
('3201030005', '3201030', 'GUNUNG SARI', 1297),
('3201030006', '3201030', 'GUNUNG BUNDER 2', 1046),
('3201030007', '3201030', 'GUNUNG BUNDER 1', 1217),
('3201030008', '3201030', 'CIBENING', 1248),
('3201030009', '3201030', 'GUNUNG PICUNG', 1186),
('3201030010', '3201030', 'CIBITUNG KULON', 1197),
('3201030011', '3201030', 'CIBITUNG WETAN', 1242),
('3201030012', '3201030', 'PAMIJAHAN', 1247),
('3201030013', '3201030', 'PASAREAN', 1246),
('3201030014', '3201030', 'GUNUNG MENYAN', 1266),
('3201030015', '3201030', 'CIMAYANG', 1275),
('3201040001', '3201040', 'SITU UDIK', 1271),
('3201040002', '3201040', 'SITU ILIR', 1283),
('3201040003', '3201040', 'CIBATOK 2', 1289),
('3201040004', '3201040', 'CIARUTEN UDIK', 1282),
('3201040005', '3201040', 'CIBATOK 1', 1294),
('3201040006', '3201040', 'SUKAMAJU', 1292),
('3201040007', '3201040', 'CEMPLANG', 1294),
('3201040008', '3201040', 'GALUGA', 1299),
('3201040009', '3201040', 'DUKUH', 1300),
('3201040010', '3201040', 'CIMANGGU 2', 1299),
('3201040011', '3201040', 'CIMANGGU 1', 1298),
('3201040012', '3201040', 'GIRIMULYA', 1298),
('3201040013', '3201040', 'LEUWEUNG KOLOT', 1299),
('3201040014', '3201040', 'CIARUTEN ILIR', 1304),
('3201040015', '3201040', 'CIJUJUNG', 1305),
('3201050004', '3201050', 'CIAMPEA UDIK', 1272),
('3201050008', '3201050', 'CINANGKA', 1280),
('3201050009', '3201050', 'CIBUNTU', 1285),
('3201050010', '3201050', 'CICADAS', 1300),
('3201050011', '3201050', 'TEGAL WARU', 1292),
('3201050012', '3201050', 'BOJONG JENGKOL', 1286),
('3201050013', '3201050', 'CIHIDEUNG UDIK', 1276),
('3201050014', '3201050', 'CIHIDEUNG ILIR', 1304),
('3201050015', '3201050', 'CIBANTENG', 1292),
('3201050016', '3201050', 'BOJONG RANGKAS', 1295),
('3201050017', '3201050', 'CIBADAK', 1295),
('3201050018', '3201050', 'BENTENG', 1300),
('3201050019', '3201050', 'CIAMPEA', 1304),
('3201051001', '3201051', 'TAPOS 1', 1153),
('3201051002', '3201051', 'GUNUNG MALANG', 1147),
('3201051003', '3201051', 'TAPOS 2', 1245),
('3201051004', '3201051', 'SITU DAUN', 1264),
('3201051005', '3201051', 'CIBITUNG TENGAH', 1266),
('3201051006', '3201051', 'CINANGNENG', 1274),
('3201051007', '3201051', 'GUNUNG MULYA', 1247),
('3201060001', '3201060', 'PURWASARI', 1250),
('3201060002', '3201060', 'PETIR', 1262),
('3201060003', '3201060', 'SUKADAMAI', 1267),
('3201060004', '3201060', 'SUKAWENING', 1257),
('3201060005', '3201060', 'NEGLASARI', 1271),
('3201060006', '3201060', 'SINAR SARI', 1272),
('3201060007', '3201060', 'CIHERANG', 1263),
('3201060008', '3201060', 'DRAMAGA', 1273),
('3201060009', '3201060', 'BABAKAN', 1286),
('3201060010', '3201060', 'CIKARAWANG', 1288),
('3201070009', '3201070', 'KOTA BATU', 1237),
('3201070010', '3201070', 'MEKARJAYA', 1239),
('3201070011', '3201070', 'PARAKAN', 1236),
('3201070012', '3201070', 'CIOMAS', 1241),
('3201070013', '3201070', 'PAGELARAN', 1245),
('3201070014', '3201070', 'SUKAMAKMUR', 1244),
('3201070015', '3201070', 'CIAPUS', 1254),
('3201070016', '3201070', 'SUKAHARJA', 1248),
('3201070017', '3201070', 'PADASUKA', 1252),
('3201070018', '3201070', 'CIOMAS RAHAYU', 1244),
('3201070019', '3201070', 'LALADON', 1260),
('3201071001', '3201071', 'SUKAJADI', 1201),
('3201071002', '3201071', 'SUKALUYU', 1208),
('3201071003', '3201071', 'SUKAJAYA', 1214),
('3201071004', '3201071', 'SUKARESMI', 1201),
('3201071005', '3201071', 'PASIR EURIH', 1216),
('3201071006', '3201071', 'TAMAN SARI', 1242),
('3201071007', '3201071', 'SUKAMANTRI', 1229),
('3201071008', '3201071', 'SIRNAGALIH', 1233),
('3201080010', '3201080', 'WARUNG MENTENG', 1250),
('3201080011', '3201080', 'CIJERUK', 1234),
('3201080012', '3201080', 'CIPELANG', 1227),
('3201080013', '3201080', 'CIBALUNG', 1254),
('3201080014', '3201080', 'CIPICUNG', 1255),
('3201080015', '3201080', 'TANJUNG SARI', 1261),
('3201080016', '3201080', 'TAJUR HALANG', 1251),
('3201080017', '3201080', 'PALASARI', 1255),
('3201080018', '3201080', 'SUKAHARJA', 1207),
('3201081001', '3201081', 'TUGU JAYA', 1246),
('3201081002', '3201081', 'CIGOMBONG', 1236),
('3201081003', '3201081', 'WATES JAYA', 1236),
('3201081004', '3201081', 'SROGOL', 1208),
('3201081005', '3201081', 'CIBURUY', 1231),
('3201081006', '3201081', 'CISALADA', 1245),
('3201081007', '3201081', 'PASIR JAYA', 1241),
('3201081008', '3201081', 'CIBURAYUT', 1251),
('3201081009', '3201081', 'CIADEG', 1236),
('3201090001', '3201090', 'PASIR BUNCIR', 1206),
('3201090002', '3201090', 'CINAGARA', 1085),
('3201090003', '3201090', 'TANGKIL', 1000),
('3201090004', '3201090', 'PASIR MUNCANG', 1226),
('3201090005', '3201090', 'MUARA JAYA', 1221),
('3201090006', '3201090', 'CARINGIN', 1224),
('3201090007', '3201090', 'LEMAH DUHUR', 1212),
('3201090008', '3201090', 'CIMANDE', 989),
('3201090009', '3201090', 'PANCAWATI', 1306),
('3201090010', '3201090', 'CIDERUM', 1211),
('3201090011', '3201090', 'CIHERANG PONDOK', 1231),
('3201090012', '3201090', 'CIMANDE HILIR', 1238),
('3201100001', '3201100', 'CILEUNGSI', 1046),
('3201100002', '3201100', 'CITAPEN', 1168),
('3201100003', '3201100', 'CIBEDUG', 1106),
('3201100004', '3201100', 'BOJONG MURNI', 1137),
('3201100005', '3201100', 'JAMBU LUWUK', 1185),
('3201100006', '3201100', 'BANJAR SARI', 1195),
('3201100007', '3201100', 'BANJAR WANGI', 1218),
('3201100008', '3201100', 'BITUNG SARI', 1233),
('3201100009', '3201100', 'TELUK PINANG', 1228),
('3201100010', '3201100', 'BANJAR WARU', 1228),
('3201100011', '3201100', 'CIAWI', 1237),
('3201100012', '3201100', 'BENDUNGAN', 1223),
('3201100013', '3201100', 'PANDANSARI', 1230),
('3201110001', '3201110', 'CITEKO', 1218),
('3201110002', '3201110', 'CIBEUREUM', 1018),
('3201110003', '3201110', 'TUGU SELATAN', 1064),
('3201110004', '3201110', 'TUGU UTARA', 1090),
('3201110005', '3201110', 'BATU LAYANG', 1111),
('3201110006', '3201110', 'CISARUA', 1122),
('3201110007', '3201110', 'KOPO', 1140),
('3201110008', '3201110', 'LEUWIMALANG', 1092),
('3201110009', '3201110', 'JOGJOGAN', 1104),
('3201110010', '3201110', 'CILEMBER', 1141),
('3201120001', '3201120', 'SUKARESMI', 1101),
('3201120002', '3201120', 'SUKAGALIH', 1326),
('3201120003', '3201120', 'KUTA', 1090),
('3201120004', '3201120', 'SUKAKARYA', 1196),
('3201120005', '3201120', 'SUKAMANAH', 1169),
('3201120006', '3201120', 'SUKAMAJU', 1200),
('3201120007', '3201120', 'SUKAMAHI', 1210),
('3201120008', '3201120', 'GADOG', 1221),
('3201120009', '3201120', 'CIPAYUNG', 1214),
('3201120010', '3201120', 'CIPAYUNG GIRANG', 1174),
('3201120011', '3201120', 'MEGAMENDUNG', 1066),
('3201120012', '3201120', 'PASIR ANGIN', 1066),
('3201130001', '3201130', 'CIBANON', 1238),
('3201130002', '3201130', 'GUNUNG GEULIS', 1226),
('3201130003', '3201130', 'NAGRAK', 1246),
('3201130004', '3201130', 'SUKATANI', 1248),
('3201130005', '3201130', 'SUKARAJA', 1257),
('3201130006', '3201130', 'CIKEAS', 1236),
('3201130007', '3201130', 'CADAS NGAMPAR', 1264),
('3201130008', '3201130', 'PASIRLAJA', 1275),
('3201130009', '3201130', 'CIJUJUNG', 1285),
('3201130010', '3201130', 'CIMANDALA', 1284),
('3201130011', '3201130', 'PASIR JAMBU', 1282),
('3201130012', '3201130', 'CILEBUT TIMUR', 1284),
('3201130013', '3201130', 'CILEBUT BARAT', 1284),
('3201140001', '3201140', 'CIJAYANTI', 1214),
('3201140002', '3201140', 'BOJONG KONENG', 1221),
('3201140003', '3201140', 'KARANG TENGAH', 1222),
('3201140004', '3201140', 'SUMUR BATU', 1237),
('3201140005', '3201140', 'BABAKAN MADANG', 1265),
('3201140006', '3201140', 'CITARINGGUL', 1270),
('3201140007', '3201140', 'CIPAMBUAN', 1282),
('3201140008', '3201140', 'KADUMANGU', 1283),
('3201140009', '3201140', 'SENTUL', 1287),
('3201150001', '3201150', 'SUKAWANGI', 1265),
('3201150002', '3201150', 'SUKAHARJA', 1263),
('3201150003', '3201150', 'WARGAJAYA', 1213),
('3201150004', '3201150', 'SIRNAJAYA', 1162),
('3201150005', '3201150', 'SUKAMULYA', 1204),
('3201150006', '3201150', 'SUKAMAKMUR', 1241),
('3201150007', '3201150', 'CIBADAK', 1198),
('3201150008', '3201150', 'PABUARAN', 1277),
('3201150009', '3201150', 'SUKADAMAI', 1325),
('3201150010', '3201150', 'SUKARESMI', 1322),
('3201160011', '3201160', 'KARYA MEKAR', 1329),
('3201160012', '3201160', 'BANTAR KUNING', 1315),
('3201160013', '3201160', 'CIKUTAMAHI', 1297),
('3201160014', '3201160', 'CIBATU TIGA', 1328),
('3201160015', '3201160', 'MEKARWANGI', 1333),
('3201160016', '3201160', 'TEGAL PANJANG', 1331),
('3201160017', '3201160', 'CARIU', 1332),
('3201160018', '3201160', 'KUTA MEKAR', 1330),
('3201160019', '3201160', 'SUKAJADI', 1331),
('3201160020', '3201160', 'BABAKAN RADEN', 1331),
('3201161001', '3201161', 'CIBADAK', 1313),
('3201161002', '3201161', 'TANJUNG SARI', 1312),
('3201161003', '3201161', 'SIRNASARI', 1314),
('3201161004', '3201161', 'SIRNARASA', 1303),
('3201161005', '3201161', 'BUANAJAYA', 1295),
('3201161006', '3201161', 'ANTAJAYA', 1272),
('3201161007', '3201161', 'PASIR TANJUNG', 1311),
('3201161008', '3201161', 'TANJUNG RASA', 1312),
('3201161009', '3201161', 'SUKARASA', 1316),
('3201161010', '3201161', 'SELAWANGI', 1326),
('3201170001', '3201170', 'SUKAJAYA', 1294),
('3201170002', '3201170', 'SUKANEGARA', 1317),
('3201170003', '3201170', 'CIBODAS', 1316),
('3201170004', '3201170', 'SINGASARI', 1318),
('3201170005', '3201170', 'SINGAJAYA', 1323),
('3201170006', '3201170', 'SUKASIRNA', 1324),
('3201170007', '3201170', 'BALEKAMBANG', 1332),
('3201170008', '3201170', 'BENDUNGAN', 1328),
('3201170009', '3201170', 'SIRNAGALIH', 1326),
('3201170010', '3201170', 'JONGGOL', 1324),
('3201170011', '3201170', 'SUKAMAJU', 1321),
('3201170012', '3201170', 'SUKAMANAH', 1321),
('3201170013', '3201170', 'WENINGGALIH', 1326),
('3201170014', '3201170', 'SUKAGALIH', 1326),
('3201180010', '3201180', 'DAYEUH', 1310),
('3201180011', '3201180', 'MAMPIR', 1312),
('3201180012', '3201180', 'SETU SARI', 1315),
('3201180013', '3201180', 'CIPEUCANG', 1316),
('3201180014', '3201180', 'JATISARI', 1316),
('3201180015', '3201180', 'GANDOANG', 1312),
('3201180016', '3201180', 'MEKARSARI', 1310),
('3201180017', '3201180', 'CILEUNGSI KIDUL', 1302),
('3201180018', '3201180', 'CILEUNGSI', 1300),
('3201180019', '3201180', 'LIMUS NUNGGAL', 1293),
('3201180020', '3201180', 'PASIR ANGIN', 1300),
('3201180021', '3201180', 'CIPENJO', 1306),
('3201181001', '3201181', 'LEUWIKARET', 1286),
('3201181002', '3201181', 'LULUT', 1300),
('3201181003', '3201181', 'BANTAR JATI', 1298),
('3201181004', '3201181', 'NAMBO', 1306),
('3201181005', '3201181', 'KEMBANG KUNING', 1305),
('3201181006', '3201181', 'KELAPA NUNGGAL', 1316),
('3201181007', '3201181', 'LIGARMUKTI', 1313),
('3201181008', '3201181', 'BOJONG', 1316),
('3201181009', '3201181', 'CIKAHURIPAN', 1316),
('3201190001', '3201190', 'KARANGGAN', 1295),
('3201190002', '3201190', 'GUNUNG PUTRI', 1293),
('3201190003', '3201190', 'TLAJUNG UDIK', 1297),
('3201190004', '3201190', 'BOJONG NANGKA', 1295),
('3201190005', '3201190', 'CICADAS', 1300),
('3201190006', '3201190', 'WANAHERANG', 1297),
('3201190007', '3201190', 'CIKEAS UDIK', 1292),
('3201190008', '3201190', 'NAGRAK', 1291),
('3201190009', '3201190', 'CIANGSANA', 1294),
('3201190010', '3201190', 'BOJONG KULUR', 1281),
('3201200001', '3201200', 'TANGKIL', 1285),
('3201200002', '3201200', 'HAMBALANG', 1279),
('3201200003', '3201200', 'TAJUR', 1278),
('3201200004', '3201200', 'PASIR MUKTI', 1293),
('3201200005', '3201200', 'SUKAHATI', 1293),
('3201200006', '3201200', 'LEUWINUTUG', 1289),
('3201200007', '3201200', 'SANJA', 1289),
('3201200008', '3201200', 'KARANG ASEM BARAT', 1290),
('3201200009', '3201200', 'KARANG ASEM TIMUR', 1291),
('3201200010', '3201200', 'TARIKOLOT', 1293),
('3201200011', '3201200', 'GUNUNG SARI', 1297),
('3201200012', '3201200', 'CITEUREUP', 1293),
('3201200013', '3201200', 'PUSPANEGARA', 1291),
('3201200014', '3201200', 'PUSPASARI', 1289),
('3201210001', '3201210', 'KARADENAN', 1288),
('3201210002', '3201210', 'NANGGEWER', 1288),
('3201210003', '3201210', 'NANGGEWER MEKAR', 1287),
('3201210004', '3201210', 'CIBINONG', 1287),
('3201210005', '3201210', 'PAKANSARI', 1288),
('3201210006', '3201210', 'SUKAHATI', 1291),
('3201210007', '3201210', 'TENGAH', 1290),
('3201210008', '3201210', 'PONDOK RAJEG', 1295),
('3201210009', '3201210', 'HARAPAN JAYA', 1294),
('3201210010', '3201210', 'PABUARAN', 1290),
('3201210011', '3201210', 'CIRIMEKAR', 1291),
('3201210012', '3201210', 'CIRIUNG', 1294),
('3201220002', '3201220', 'CIMANGGIS', 1294),
('3201220003', '3201220', 'WARINGIN JAYA', 1290),
('3201220004', '3201220', 'KEDUNG WARINGIN', 1291),
('3201220005', '3201220', 'BOJONG GEDE', 1293),
('3201220011', '3201220', 'SUSUKAN', 1296),
('3201220012', '3201220', 'BOJONG BARU', 1293),
('3201220013', '3201220', 'RAWA PANJANG', 1295),
('3201220014', '3201220', 'PABUARAN', 1290),
('3201220015', '3201220', 'RAGAJAYA', 1296),
('3201221001', '3201221', 'TONJONG', 1300),
('3201221002', '3201221', 'TAJUR HALANG', 12979),
('3201221003', '3201221', 'SUKMAJAYA', 1296),
('3201221004', '3201221', 'NANGGERANG', 1297),
('3201221005', '3201221', 'SASAK PANJANG', 1298),
('3201221006', '3201221', 'KALISUREN', 1298),
('3201221007', '3201221', 'CITAYAM', 1293),
('3201230006', '3201230', 'SEMPLAK BARAT', 1281),
('3201230007', '3201230', 'ATANG SENJAYA', 1282),
('3201230008', '3201230', 'PARAKAN JAYA', 1293),
('3201230009', '3201230', 'BOJONG', 1291),
('3201230010', '3201230', 'KEMANG', 1296),
('3201230011', '3201230', 'PABUARAN', 1305),
('3201230013', '3201230', 'TEGAL', 1306),
('3201230014', '3201230', 'PONDOK UDIK', 1301),
('3201230015', '3201230', 'JAMPANG', 1303),
('3201231001', '3201231', 'MEKARSARI', 1309),
('3201231002', '3201231', 'RANCA BUNGUR', 1305),
('3201231003', '3201231', 'PASIR GAOK', 1297),
('3201231004', '3201231', 'BANTARJAYA', 1294),
('3201231005', '3201231', 'BANTARSARI', 1297),
('3201231006', '3201231', 'CANDALI', 1309),
('3201231007', '3201231', 'CIMULANG', 1296),
('3201240009', '3201240', 'IWUL', 1300),
('3201240010', '3201240', 'JABON MEKAR', 1299),
('3201240011', '3201240', 'PAMAGER SARI', 1298),
('3201240012', '3201240', 'PARUNG', 1285),
('3201240013', '3201240', 'WARU', 1285),
('3201240014', '3201240', 'WARUJAYA', 1290),
('3201240015', '3201240', 'BOJONG SEMPU', 1295),
('3201240016', '3201240', 'BOJONG INDAH', 1291),
('3201240017', '3201240', 'COGREG', 1287),
('3201241001', '3201241', 'KARIHKIL', 1308),
('3201241002', '3201241', 'CIBEUTEUNG UDIK', 1309),
('3201241003', '3201241', 'BABAKAN', 1301),
('3201241004', '3201241', 'PUTAT NUTUG', 1296),
('3201241005', '3201241', 'CIBEUTEUNG MUARA', 1301),
('3201241006', '3201241', 'CIBENTANG', 1298),
('3201241007', '3201241', 'PARIGI MEKAR', 1298),
('3201241008', '3201241', 'CISEENG', 1300),
('3201241009', '3201241', 'CIHOWE', 1293),
('3201241010', '3201241', 'KURIPAN', 1294),
('3201250001', '3201250', 'JAMPANG', 1285),
('3201250002', '3201250', 'CIBADUNG', 1285),
('3201250003', '3201250', 'CIBINONG', 1280),
('3201250004', '3201250', 'CIDOKOM', 1285),
('3201250005', '3201250', 'PADURENAN', 1274),
('3201250006', '3201250', 'CURUG', 1282),
('3201250007', '3201250', 'RAWAKALONG', 1270),
('3201250008', '3201250', 'PENGASINAN', 1276),
('3201250009', '3201250', 'GUNUNG SINDUR', 1282),
('3201250010', '3201250', 'PABUARAN', 1274),
('3201260001', '3201260', 'LEUWIBATU', 1298),
('3201260002', '3201260', 'CIDOKOM', 1308),
('3201260003', '3201260', 'GOBANG', 1292),
('3201260004', '3201260', 'RABAK', 1305),
('3201260005', '3201260', 'CIBODAS', 1310),
('3201260006', '3201260', 'KAMPUNG SAWAH', 1300),
('3201260007', '3201260', 'RUMPIN', 1304),
('3201260008', '3201260', 'CIPINANG', 1297),
('3201260009', '3201260', 'SUKASARI', 1297),
('3201260010', '3201260', 'KERTAJAYA', 1294),
('3201260011', '3201260', 'TAMAN SARI', 1291),
('3201260012', '3201260', 'SUKAMULYA', 1284),
('3201260013', '3201260', 'MEKAR SARI', 1290),
('3201260014', '3201260', 'MEKARJAYA', 1284),
('3201270006', '3201270', 'SUKARAKSA', 1271),
('3201270009', '3201270', 'SUKAMAJU', 1254),
('3201270010', '3201270', 'CIGUDEG', 1274),
('3201270011', '3201270', 'BANYU RESMI', 1280),
('3201270012', '3201270', 'WARGAJAYA', 1223),
('3201270013', '3201270', 'BUNAR', 1250),
('3201270014', '3201270', 'MEKARJAYA', 1236),
('3201270015', '3201270', 'CINTAMANIK', 1239),
('3201270016', '3201270', 'BANYU WANGI', 1249),
('3201270017', '3201270', 'BANYU ASIH', 1275),
('3201270018', '3201270', 'TEGALEGA', 1288),
('3201270019', '3201270', 'BATU JAJAR', 1295),
('3201270020', '3201270', 'RENGASJAJAR', 1288),
('3201270021', '3201270', 'BANGUNJAYA', 1286),
('3201270022', '3201270', 'ARGAPURA', 1283),
('3201271001', '3201271', 'CISARUA', 1150),
('3201271002', '3201271', 'KIARASARI', 1103),
('3201271003', '3201271', 'KIARAPANDAK', 1219),
('3201271004', '3201271', 'HARKATJAYA', 1243),
('3201271005', '3201271', 'SUKAJAYA', 1249),
('3201271006', '3201271', 'SIPAYUNG', 1256),
('3201271007', '3201271', 'SUKAMULIH', 1244),
('3201271008', '3201271', 'PASIR MADANG', 1237),
('3201271009', '3201271', 'CILEUKSA', 1223),
('3201271010', '3201271', 'URUG', 1256),
('3201271011', '3201271', 'JAYARAHARJA', 1256),
('3201280003', '3201280', 'PANGRADIN', 1255),
('3201280004', '3201280', 'KALONGSAWAH', 1253),
('3201280005', '3201280', 'SIPAK', 1272),
('3201280006', '3201280', 'PAMAGERSARI', 1274),
('3201280007', '3201280', 'JUGALA JAYA', 1245),
('3201280008', '3201280', 'CURUG', 1277),
('3201280009', '3201280', 'TEGAL WANGI', 1289),
('3201280010', '3201280', 'KOLEANG', 1288),
('3201280011', '3201280', 'JASINGA', 1281),
('3201280012', '3201280', 'SETU', 1285),
('3201280013', '3201280', 'CIKOPOMAYAK', 1294),
('3201280014', '3201280', 'NEGLASARI', 1294),
('3201280015', '3201280', 'BAGOANG', 1291),
('3201280016', '3201280', 'BARENGKOK', 1291),
('3201280017', '3201280', 'PANGAUR', 1285),
('3201280018', '3201280', 'WIRAJAYA', 1285),
('3201290001', '3201290', 'CIOMAS', 1291),
('3201290002', '3201290', 'TAPOS', 1290),
('3201290003', '3201290', 'BATOK', 1278),
('3201290004', '3201290', 'BABAKAN', 1278),
('3201290005', '3201290', 'BOJONG', 1281),
('3201290006', '3201290', 'SINGABRAJA', 1271),
('3201290007', '3201290', 'TENJO', 1269),
('3201290008', '3201290', 'CILAKU', 1271),
('3201290009', '3201290', 'SINGABANGSA', 1265),
('3201300001', '3201300', 'JAGABAYA', 1289),
('3201300002', '3201300', 'GOROWONG', 1292),
('3201300003', '3201300', 'DAGO', 1294),
('3201300004', '3201300', 'CIKUDA', 1288),
('3201300005', '3201300', 'PINGKU', 1286),
('3201300006', '3201300', 'LUMPANG', 1283),
('3201300007', '3201300', 'GINTUNG CILEJET', 1283),
('3201300008', '3201300', 'JAGABITA', 1273),
('3201300009', '3201300', 'CIBUNAR', 1281),
('3201300010', '3201300', 'PARUNG PANJANG', 1279),
('3201300011', '3201300', 'KABASIRAN', 1280),
('3202010001', '3202010', 'CIBENDA', 1329),
('3202010002', '3202010', 'CIWARU', 1302),
('3202010003', '3202010', 'TAMANJAYA', 1312),
('3202010004', '3202010', 'MEKARJAYA', 1260),
('3202010005', '3202010', 'CIEMAS', 1280),
('3202010006', '3202010', 'GIRIMUKTI', 1286),
('3202010007', '3202010', 'MANDRAJAYA', 1336),
('3202010008', '3202010', 'MEKARSAKTI', 1314),
('3202010009', '3202010', 'SIDAMULYA', 1260),
('3202020001', '3202020', 'GUNUNGBATU', 1358),
('3202020002', '3202020', 'CIKANGKUNG', 1368),
('3202020003', '3202020', 'PURWASEDAR', 1357),
('3202020004', '3202020', 'CIRACAP', 1339),
('3202020005', '3202020', 'PASIRPANJANG', 1329),
('3202020006', '3202020', 'MEKARSARI', 1332),
('3202021001', '3202021', 'CARINGIN NUNGGAL', 1320),
('3202021002', '3202021', 'WALURAN', 1279),
('3202021003', '3202021', 'SUKAMUKTI', 1264),
('3202021004', '3202021', 'MEKAR MUKTI', 1297),
('3202021005', '3202021', 'WALURAN MANDIRI', 1257),
('3202030001', '3202030', 'PASIRIPIS', 1354),
('3202030002', '3202030', 'BUNIWANGI', 1345),
('3202030003', '3202030', 'CIPEUNDEUY', 1379),
('3202030004', '3202030', 'GUNUNG SUNGGING', 1353),
('3202030011', '3202030', 'CITANGLAR', 1324),
('3202030012', '3202030', 'JAGAMUKTI', 1339),
('3202030014', '3202030', 'KADALEMAN', 1320),
('3202030015', '3202030', 'WANASARI', 1313),
('3202030016', '3202030', 'SIRNASARI', 1305),
('3202030017', '3202030', 'SUKATANI', 1374),
('3202030018', '3202030', 'KADEMANGAN', 1320),
('3202031001', '3202031', 'CIDAHU', 1350),
('3202031002', '3202031', 'CIBITUNG', 1314),
('3202031003', '3202031', 'BANYUWANGI', 1301),
('3202031004', '3202031', 'CIBODAS', 1309),
('3202031005', '3202031', 'BANYUMURNI', 1310),
('3202031006', '3202031', 'TALAGAMURNI', 1314),
('3202040001', '3202040', 'CIPARAY', 1308),
('3202040002', '3202040', 'BOJONG GENTENG', 1305),
('3202040003', '3202040', 'BOJONGSARI', 1299),
('3202040004', '3202040', 'MEKARJAYA', 1297),
('3202040005', '3202040', 'NAGRAKSARI', 1302),
('3202040006', '3202040', 'JAMPANG KULON', 1295),
('3202040007', '3202040', 'TANJUNG', 1293),
('3202040008', '3202040', 'PADAJAYA', 1294),
('3202040013', '3202040', 'CIKARANG', 1276),
('3202040014', '3202040', 'KARANGANYAR', 1257),
('3202040015', '3202040', 'CIKARANGGEUSAN', 1276),
('3202041001', '3202041', 'BOREGAH INDAH', 1283),
('3202041002', '3202041', 'CIMANGGU', 1277),
('3202041003', '3202041', 'SUKAMAJU', 1275),
('3202041004', '3202041', 'SUKAJADI', 1260),
('3202041005', '3202041', 'KARANGMEKAR', 1275),
('3202041006', '3202041', 'SUKAMANAH', 1257),
('3202050001', '3202050', 'CIMAHPAR', 1288),
('3202050002', '3202050', 'SEKARSARI', 1277),
('3202050003', '3202050', 'KALIBUNDER', 1244),
('3202050004', '3202050', 'SUKALUYU', 1254),
('3202050005', '3202050', 'BOJONG', 1257),
('3202050006', '3202050', 'BALEKAMBANG', 1240),
('3202060001', '3202060', 'SUMBERJAYA', 1345),
('3202060002', '3202060', 'BUNIASIH', 1352),
('3202060003', '3202060', 'TEGALBULEUD', 1353),
('3202060004', '3202060', 'CALINGCING', 1337),
('3202060005', '3202060', 'RAMBAY', 1298),
('3202060006', '3202060', 'NANGELA', 1296),
('3202060007', '3202060', 'BANGBAYANG', 1275),
('3202070001', '3202070', 'CIDOLOG', 1281),
('3202070002', '3202070', 'MEKARJAYA', 1272),
('3202070003', '3202070', 'CIKARANG', 1276),
('3202070004', '3202070', 'CIPAMINGKIS', 1263),
('3202070005', '3202070', 'TEGALLEGA', 1265),
('3202080005', '3202080', 'SINAR BENTANG', 1271),
('3202080006', '3202080', 'GUNUNG BENTANG', 1265),
('3202080007', '3202080', 'PASANGGRAHAN', 1266),
('3202080008', '3202080', 'CURUGLUHUR', 1258),
('3202080009', '3202080', 'DATARNANGKA', 1257),
('3202080010', '3202080', 'SAGARANTEN', 1261),
('3202080011', '3202080', 'MARGALUYU', 1250),
('3202080012', '3202080', 'CIBITUNG', 1260),
('3202080017', '3202080', 'HEGARMANAH', 1257),
('3202080018', '3202080', 'CIBAREGBEG', 1259),
('3202080019', '3202080', 'PUNCAKMANGGIS', 1259),
('3202080020', '3202080', 'MEKARSARI', 1250),
('3202081001', '3202081', 'HEGARMULYA', 1284),
('3202081002', '3202081', 'CIDADAP', 1286),
('3202081003', '3202081', 'PADASENANG', 1284),
('3202081004', '3202081', 'BANJARSARI', 1278),
('3202081005', '3202081', 'TENJOLAUT', 1284),
('3202081006', '3202081', 'MEKARTANI', 1284),
('3202082001', '3202082', 'CIMENTENG', 1261),
('3202082002', '3202082', 'CURUGKEMBAR', 1254),
('3202082003', '3202082', 'TANJUNGSARI', 1236),
('3202082004', '3202082', 'SINDANGRAJA', 1229),
('3202082005', '3202082', 'MEKARTANJUNG', 1257),
('3202082006', '3202082', 'BOJONG TUGU', 1244),
('3202090001', '3202090', 'SUKAJAYA', 1250),
('3202090002', '3202090', 'CIWALAT', 1255),
('3202090003', '3202090', 'PABUARAN', 1361),
('3202090004', '3202090', 'CIBADAK', 1254),
('3202090005', '3202090', 'SIRNASARI', 1281),
('3202090006', '3202090', 'BANTARSARI', 1281),
('3202100001', '3202100', 'LANGKAPJAYA', 1259),
('3202100002', '3202100', 'CILANGKAP', 1268),
('3202100003', '3202100', 'LENGKONG', 1266),
('3202100004', '3202100', 'TEGALLEGA', 1280),
('3202100005', '3202100', 'NEGLASARI', 1282),
('3202110005', '3202110', 'CITARIK', 1304),
('3202110006', '3202110', 'PALABUHANRATU', 1302),
('3202110007', '3202110', 'CITEPUS', 1248),
('3202110008', '3202110', 'CIBODAS', 1304),
('3202110009', '3202110', 'BUNIWANGI', 1309),
('3202110010', '3202110', 'CIKADU', 1322),
('3202110011', '3202110', 'PASIRSUREN', 1314),
('3202110012', '3202110', 'TONJONG', 1327),
('3202110013', '3202110', 'JAYANTI', 1304),
('3202110014', '3202110', 'CIMANGGU', 1304),
('3202111001', '3202111', 'CIHAUR', 1254),
('3202111002', '3202111', 'KERTAJAYA', 1249),
('3202111003', '3202111', 'LOJI', 1297),
('3202111004', '3202111', 'CIDADAP', 1323),
('3202111005', '3202111', 'CIBUNTU', 1316),
('3202111006', '3202111', 'MEKARASIH', 1294),
('3202111007', '3202111', 'SANGRAWAYANG', 1294),
('3202120002', '3202120', 'HEGARMANAH', 1299),
('3202120003', '3202120', 'BANTARKALONG', 1286),
('3202120004', '3202120', 'SIRNAJAYA', 1311),
('3202120005', '3202120', 'BOJONGKERTA', 1318),
('3202120006', '3202120', 'UBRUG', 1297),
('3202120007', '3202120', 'GIRIJAYA', 1298),
('3202120008', '3202120', 'WARUNGKIARA', 1326),
('3202120009', '3202120', 'SUKAHARJA', 1310),
('3202120012', '3202120', 'MEKARJAYA', 1326),
('3202120013', '3202120', 'KERTAMUKTI', 1327),
('3202121001', '3202121', 'BANTAR GEBANG', 1319),
('3202121002', '3202121', 'BOJONG GALING', 1325),
('3202121003', '3202121', 'BANTAR GADUNG', 1319),
('3202121004', '3202121', 'MANGUN JAYA', 1313),
('3202121005', '3202121', 'LIMUS NUNGGAL', 1318),
('3202130001', '3202130', 'BANTARPANJANG', 1277),
('3202130009', '3202130', 'BOJONGTIPAR', 1280),
('3202130010', '3202130', 'CIJULANG', 1286),
('3202130011', '3202130', 'NANGERANG', 1283),
('3202130012', '3202130', 'BOJONG JENGKOL', 1298),
('3202130013', '3202130', 'BANTAR AGUNG', 1265),
('3202130014', '3202130', 'JAMPANG TENGAH', 1287),
('3202130015', '3202130', 'PANUMBANGAN', 1284),
('3202130016', '3202130', 'SINDANGRESMI', 1302),
('3202130017', '3202130', 'TANJUNGSARI', 1280),
('3202130018', '3202130', 'PADABEUNGHAR', 1307),
('3202131001', '3202131', 'NEGLASARI', 1264),
('3202131002', '3202131', 'CICUKANG', 1263),
('3202131003', '3202131', 'MARGALUYU', 1209),
('3202131004', '3202131', 'PURABAYA', 1254),
('3202131005', '3202131', 'PAGELARAN', 1261),
('3202131006', '3202131', 'CITAMIANG', 1218),
('3202131007', '3202131', 'CIMERANG', 1238),
('3202140001', '3202140', 'SUKAMAJU', 1303),
('3202140002', '3202140', 'CIBATU', 1302),
('3202140003', '3202140', 'PARAKANLIMA', 1292),
('3202140004', '3202140', 'KERTARAHARJA', 1303),
('3202140005', '3202140', 'BOJONG', 1292),
('3202140006', '3202140', 'BOJONGKEMBAR', 1291),
('3202140007', '3202140', 'CIKEMBAR', 1296),
('3202140008', '3202140', 'CIMANGGU', 1304),
('3202140009', '3202140', 'SUKAMULYA', 1289),
('3202140010', '3202140', 'BOJONGRAHARJA', 1291),
('3202150001', '3202150', 'CISITU', 1204),
('3202150002', '3202150', 'NYALINDUNG', 1230),
('3202150003', '3202150', 'KERTAANGSANA', 1216),
('3202150004', '3202150', 'MEKARSARI', 1227),
('3202150005', '3202150', 'BOJONGKALONG', 1252),
('3202150006', '3202150', 'BOJONGSARI', 1260),
('3202150007', '3202150', 'SUKAMAJU', 1269),
('3202150008', '3202150', 'WANGUNREJA', 1276),
('3202150009', '3202150', 'NEGLASARI', 1279),
('3202150010', '3202150', 'CIJANGKAR', 1254),
('3202160001', '3202160', 'CIENGANG', 1233),
('3202160002', '3202160', 'SUKAMANAH', 1216),
('3202160003', '3202160', 'GEGERBITUNG', 1280),
('3202160004', '3202160', 'CIJUREY', 1276),
('3202160005', '3202160', 'KARANGJAYA', 1281),
('3202160006', '3202160', 'BUNIWANGI', 1299),
('3202170011', '3202170', 'SELAWANGI', 1297),
('3202170012', '3202170', 'PASIRHALANG', 1292),
('3202170013', '3202170', 'SUKARAJA', 1291),
('3202170014', '3202170', 'SUKAMEKAR', 1238),
('3202170015', '3202170', 'CISARUA', 1168),
('3202170016', '3202170', 'LIMBANGAN', 1268),
('3202170017', '3202170', 'LANGENSARI', 1234),
('3202170018', '3202170', 'SELAAWI', 1285),
('3202170021', '3202170', 'MARGALUYU', 1252),
('3202171001', '3202171', 'SASAGARAN', 1303),
('3202171002', '3202171', 'JAMBENENGGANG', 1304),
('3202171003', '3202171', 'CIKARET', 1296),
('3202171004', '3202171', 'KEBONPEDES', 1298),
('3202171005', '3202171', 'BOJONGSAWAH', 1303),
('3202172001', '3202172', 'CIPURUT', 1294),
('3202172002', '3202172', 'CIREUNGHAS', 1309),
('3202172003', '3202172', 'BENCOY', 1323),
('3202172004', '3202172', 'CIKURUTUG', 1293),
('3202172005', '3202172', 'TEGALPANJANG', 1287),
('3202173001', '3202173', 'SEMPLAK', 1286),
('3202173002', '3202173', 'PRIANGANJAYA', 1287),
('3202173003', '3202173', 'TITISAN', 1291),
('3202173004', '3202173', 'CIMANGKOK', 1294),
('3202173005', '3202173', 'SUKALARANG', 1250),
('3202173006', '3202173', 'SUKAMAJU', 1262),
('3202180001', '3202180', 'PARUNGSEAH', 1235),
('3202180002', '3202180', 'WARNASARI', 1244),
('3202180003', '3202180', 'SUKAJAYA', 1258),
('3202180004', '3202180', 'SUDAJAYA GIRANG', 1136),
('3202180005', '3202180', 'KARAWANG', 1195),
('3202190001', '3202190', 'MUARADUA', 1199),
('3202190002', '3202190', 'CITAMIANG', 1209),
('3202190003', '3202190', 'CIKAHURIPAN', 1030),
('3202190004', '3202190', 'SUKAMANIS', 1134),
('3202190005', '3202190', 'KADUDAMPIT', 1200),
('3202190006', '3202190', 'GEDE PANGRANGO', 1181),
('3202190007', '3202190', 'SUKAMAJU', 1047),
('3202190008', '3202190', 'CIPETIR', 1093),
('3202190009', '3202190', 'UNDRUS BINANGUN', 1209),
('3202200007', '3202200', 'PADAASIH', 1195),
('3202200008', '3202200', 'CISAAT', 1257),
('3202200009', '3202200', 'BABAKAN', 1270),
('3202200010', '3202200', 'SUKAMANTRI', 1263),
('3202200011', '3202200', 'SUKAMANAH', 1247),
('3202200012', '3202200', 'NAGRAK', 1195),
('3202200013', '3202200', 'CIBATU', 1257),
('3202200014', '3202200', 'CIBOLANG KALER', 1247),
('3202200015', '3202200', 'KUTASIRNA', 1228),
('3202200016', '3202200', 'SELAJAMBE', 1230),
('3202200017', '3202200', 'SUKASARI', 1195),
('3202200018', '3202200', 'GUNUNGJAYA', 1221),
('3202200019', '3202200', 'SUKARESMI', 1229),
('3202201001', '3202201', 'SIRNARESMI', 1283),
('3202201002', '3202201', 'KEBONMANGGU', 1283),
('3202201003', '3202201', 'GUNUNG GURUH', 1287),
('3202201004', '3202201', 'CIKUJANG', 1288),
('3202201005', '3202201', 'CIBENTANG', 1280),
('3202201006', '3202201', 'CIBOLANG', 1278),
('3202201007', '3202201', 'MANGKALAYA', 1221),
('3202210001', '3202210', 'NEGLASARI', 1297),
('3202210002', '3202210', 'TENJOJAYA', 1283),
('3202210003', '3202210', 'SEKARWANGI', 1276),
('3202210009', '3202210', 'BATUNUNGGAL', 1269),
('3202210010', '3202210', 'KARANGTENGAH', 1272),
('3202210011', '3202210', 'CIBADAK', 1269),
('3202210012', '3202210', 'WARNAJATI', 1285),
('3202210013', '3202210', 'SUKASIRNA', 1284),
('3202210014', '3202210', 'PAMURUYAN', 1276),
('3202210015', '3202210', 'CIHEULANG TONGGOH', 1263),
('3202211001', '3202211', 'HEGARMANAH', 1276),
('3202211002', '3202211', 'CICANTAYAN', 1276),
('3202211003', '3202211', 'CIMAHI', 1266),
('3202211004', '3202211', 'CISANDE', 1255),
('3202211005', '3202211', 'CIJALINGAN', 1260),
('3202211006', '3202211', 'LEMBURSAWAH', 1264),
('3202211007', '3202211', 'SUKADAMAI', 1284),
('3202211008', '3202211', 'CIMANGGIS', 1282),
('3202212001', '3202212', 'CIJENGKOL', 1253),
('3202212002', '3202212', 'MEKARJAYA', 1246),
('3202212003', '3202212', 'TALAGA', 1240),
('3202212004', '3202212', 'CARINGIN KULON', 1234),
('3202212005', '3202212', 'CARINGIN WETAN', 1227),
('3202212006', '3202212', 'SEUSEUPAN', 1222),
('3202212007', '3202212', 'SUKAMULYA', 1062),
('3202212008', '3202212', 'CIKEMBANG', 1189),
('3202212009', '3202212', 'PASIRDATAR INDAH', 1052),
('3202220001', '3202220', 'CISARUA', 1270),
('3202220002', '3202220', 'BALEKAMBANG', 1267),
('3202220003', '3202220', 'NAGRAK SELATAN', 1262),
('3202220004', '3202220', 'NAGRAK UTARA', 1247),
('3202220005', '3202220', 'KALAPAREA', 1143),
('3202220006', '3202220', 'DARMAREJA', 1236),
('3202220007', '3202220', 'GIRIJAYA', 1228),
('3202220008', '3202220', 'BABAKAN PANJANG', 1240),
('3202220009', '3202220', 'PAWENANG', 1102),
('3202221001', '3202221', 'MUNJUL', 1259),
('3202221002', '3202221', 'CIAMBAR', 1254),
('3202221003', '3202221', 'GINANJAR', 1168),
('3202221005', '3202221', 'CIBUNARJAYA', 1256),
('3202221006', '3202221', 'AMBARJAYA', 1254),
('3202230001', '3202230', 'MEKARSARI', 1251),
('3202230002', '3202230', 'NYANGKOWEK', 1243),
('3202230003', '3202230', 'PURWASARI', 1202),
('3202230004', '3202230', 'CARINGIN', 1249),
('3202230005', '3202230', 'BANGBAYANG', 1249),
('3202230006', '3202230', 'CISAAT', 1237),
('3202230007', '3202230', 'TENJOLAYA', 1249),
('3202230008', '3202230', 'PASAWAHAN', 1249),
('3202230009', '3202230', 'CICURUG', 1247),
('3202230010', '3202230', 'NANGGERANG', 1243),
('3202230011', '3202230', 'TENJOAYU', 1236),
('3202230012', '3202230', 'BENDA', 1228),
('3202230013', '3202230', 'KUTAJAYA', 1246),
('3202240001', '3202240', 'PONDOK KASO TENGAH', 1253),
('3202240002', '3202240', 'PASIRDOTON', 1250),
('3202240003', '3202240', 'PONDOK KASO TONGGOH', 1252),
('3202240004', '3202240', 'BABAKAN PARI', 1250),
('3202240005', '3202240', 'TANGKIL', 1250),
('3202240006', '3202240', 'JAYABAKTI', 1247),
('3202240007', '3202240', 'CIDAHU', 1116),
('3202240008', '3202240', 'GIRIJAYA', 1203),
('3202250001', '3202250', 'SUKATANI', 1217),
('3202250002', '3202250', 'SUKAKERSA', 1212),
('3202250003', '3202250', 'BOJONGLONGOK', 1259),
('3202250004', '3202250', 'BOJONGASIH', 1257),
('3202250005', '3202250', 'LEBAKSARI', 1249),
('3202250006', '3202250', 'PARAKANSALAK', 1170),
('3202260002', '3202260', 'PALASARI HILIR', 1271),
('3202260003', '3202260', 'SUNDAWENANG', 1266),
('3202260004', '3202260', 'PARUNGKUDA', 1264),
('3202260008', '3202260', 'LANGENSARI', 1259),
('3202260009', '3202260', 'BOJONG KOKOSAN', 1257),
('3202260010', '3202260', 'KOMPA', 1254),
('3202260011', '3202260', 'PONDOK KASO LANDEUH', 1254),
('3202260012', '3202260', 'BABAKANJAYA', 1252),
('3202261001', '3202261', 'BEREKAH', 1268),
('3202261002', '3202261', 'BOJONG GENTENG', 1266),
('3202261003', '3202261', 'BOJONG GALING', 1262),
('3202261004', '3202261', 'CIBODAS', 1258),
('3202261005', '3202261', 'CIPANENGAH', 1253),
('3202270001', '3202270', 'WALANGSARI', 1226),
('3202270002', '3202270', 'PALASARI GIRANG', 1210),
('3202270003', '3202270', 'KALAPANUNGGAL', 1235),
('3202270004', '3202270', 'KADUNUNGGAL', 1256),
('3202270005', '3202270', 'MAKASARI', 1239),
('3202270006', '3202270', 'GUNUNG ENDUT', 1213),
('3202270007', '3202270', 'PULOSARI', 1126),
('3202280001', '3202280', 'SAMPORA', 1291),
('3202280002', '3202280', 'CIJAMBE', 1290),
('3202280003', '3202280', 'CIKIRAY', 1274),
('3202280004', '3202280', 'MEKARNANGKA', 1245),
('3202280005', '3202280', 'CIKIDANG', 1283),
('3202280006', '3202280', 'GUNUNG MALANG', 1249),
('3202280007', '3202280', 'NANGKAKONENG', 1252),
('3202280008', '3202280', 'PANGKALAN', 1282),
('3202280009', '3202280', 'BUMISARI', 1297),
('3202280010', '3202280', 'CICAREUH', 1297),
('3202280011', '3202280', 'TAMANSARI', 1299),
('3202290001', '3202290', 'PASIRBARU', 1302),
('3202290002', '3202290', 'CIKAHURIPAN', 1298),
('3202290003', '3202290', 'CISOLOK', 1292),
('3202290004', '3202290', 'KARANGPAPAK', 1302),
('3202290012', '3202290', 'SIRNARESMI', 1081),
('3202290013', '3202290', 'CICADAS', 1108),
('3202290014', '3202290', 'CIKELAT', 1237),
('3202290015', '3202290', 'GUNUNG KRAMAT', 1234),
('3202290016', '3202290', 'GUNUNG TANJUNG', 1273),
('3202290017', '3202290', 'CARINGIN', 1276),
('3202290019', '3202290', 'WANGUNSARI', 1227),
('3202290020', '3202290', 'WANAJAYA', 1227),
('3202291001', '3202291', 'CIMAJA', 1248),
('3202291002', '3202291', 'CIKAKAK', 1298),
('3202291003', '3202291', 'SUKAMAJU', 1248),
('3202291004', '3202291', 'CILEUNGSING', 1248),
('3202291005', '3202291', 'RIDOGALIH', 1248),
('3202291006', '3202291', 'MARGALAKSANA', 1248),
('3202291007', '3202291', 'SIRNARASA', 1248),
('3202291008', '3202291', 'GANDASOLI', 1248),
('3202291009', '3202291', 'CIRENDANG', 1248),
('3202300001', '3202300', 'MEKARJAYA', 1226),
('3202300002', '3202300', 'TUGUBANDUNG', 1217),
('3202300003', '3202300', 'KABANDUNGAN', 1101),
('3202300004', '3202300', 'CIPEUTEUY', 1182),
('3202300005', '3202300', 'CIHAMERANG', 1179),
('3202300006', '3202300', 'CIANAGA', 1194),
('3215010001', '3215010', 'MEDALSARI', 1314),
('3215010011', '3215010', 'KERTASARI', 1324),
('3215010012', '3215010', 'CINTAASIH', 1323),
('3215010013', '3215010', 'MULANGSARI', 1324),
('3215010014', '3215010', 'JATILAKSANA', 1324),
('3215010015', '3215010', 'CIPTASARI', 1318),
('3215010016', '3215010', 'TAMANSARI', 1316),
('3215010017', '3215010', 'TAMANMEKAR', 1314),
('3215011001', '3215011', 'CIPURWASARI', 1303),
('3215011002', '3215011', 'CIGUNUNGSARI', 1282),
('3215011003', '3215011', 'MEKARBUANA', 1262),
('3215011004', '3215011', 'WARGASETRA', 1288),
('3215011005', '3215011', 'CINTALAKSANA', 1306),
('3215011006', '3215011', 'CINTAWARGI', 1314),
('3215011007', '3215011', 'CINTALANGGENG', 1322),
('3215011008', '3215011', 'KUTAMANEUH', 1328),
('3215011009', '3215011', 'KUTALANGGENG', 1321),
('3215020001', '3215020', 'TEGALEGA', 1319),
('3215020002', '3215020', 'MULYASEJATI', 1321),
('3215020003', '3215020', 'MULYASARI', 1327),
('3215020004', '3215020', 'KUTANEGARA', 1325),
('3215020005', '3215020', 'KUTAPOHACI', 1328),
('3215020006', '3215020', 'KUTAMEKAR', 1328),
('3215020007', '3215020', 'PARUNGMULYA', 1316),
('3215031001', '3215031', 'SIRNABAYA', 1328),
('3215031002', '3215031', 'PINAYUNGAN', 1338),
('3215031003', '3215031', 'TELUKJAMBE', 1342),
('3215031004', '3215031', 'PUSEURJAYA', 1319),
('3215031005', '3215031', 'SUKALUYU', 1327),
('3215031006', '3215031', 'SUKAHARJA', 1335),
('3215031007', '3215031', 'WADAS', 1330),
('3215031008', '3215031', 'SUKAMAKMUR', 1337),
('3215031009', '3215031', 'PURWADANA', 1339),
('3215032001', '3215032', 'WANAJAYA', 1309),
('3215032002', '3215032', 'WANAKERTA', 1310),
('3215032003', '3215032', 'WANASARI', 1316),
('3215032004', '3215032', 'MARGAMULYA', 1311),
('3215032005', '3215032', 'MARGAKAYA', 1317),
('3215032006', '3215032', 'KARANGLIGAR', 1330),
('3215032007', '3215032', 'KARANGMULYA', 1326),
('3215032008', '3215032', 'MULYAJAYA', 1328),
('3215032009', '3215032', 'MEKARMULYA', 1335),
('3215032010', '3215032', 'PARUNGSARI', 1337),
('3215040001', '3215040', 'KARANGANYAR', 1322),
('3215040002', '3215040', 'CURUG', 1320),
('3215040003', '3215040', 'CIMAHI', 1323);
INSERT INTO `tbl_data_keldesa` (`kode_keldesa`, `kode_kecamatan`, `nama_kel_desa`, `kwh`) VALUES
('3215040004', '3215040', 'SUMURKONDANG', 1330),
('3215040005', '3215040', 'WALAHAR', 1335),
('3215040006', '3215040', 'KIARAPAYUNG', 1333),
('3215040007', '3215040', 'GINTUNGKERTA', 1343),
('3215040008', '3215040', 'ANGGADITA', 1346),
('3215040011', '3215040', 'KLARI', 1353),
('3215040012', '3215040', 'CIBALONGSARI', 1354),
('3215040013', '3215040', 'DUREN', 1347),
('3215040014', '3215040', 'PANCAWATI', 1349),
('3215040016', '3215040', 'BELENDUNG', 1359),
('3215050001', '3215050', 'KALIHURIP', 1323),
('3215050002', '3215050', 'KAMOJING', 1326),
('3215050006', '3215050', 'CIKAMPEK TIMUR', 1332),
('3215050007', '3215050', 'CIKAMPEK PUSAKA', 1327),
('3215050008', '3215050', 'CIKAMPEK SELATAN', 1333),
('3215050009', '3215050', 'CIKAMPEK KOTA', 1335),
('3215050011', '3215050', 'CIKAMPEK BARAT', 1342),
('3215050012', '3215050', 'DAWUAN TIMUR', 1346),
('3215050013', '3215050', 'DAWUAN TENGAH', 1333),
('3215050014', '3215050', 'DAWUAN BARAT', 1338),
('3215051001', '3215051', 'MEKARJAYA', 1334),
('3215051002', '3215051', 'TAMELANG', 1330),
('3215051003', '3215051', 'PURWASARI', 1335),
('3215051004', '3215051', 'SUKASARI', 1349),
('3215051005', '3215051', 'TEGALSARI', 1353),
('3215051006', '3215051', 'KARANGSARI', 1360),
('3215051007', '3215051', 'DARAWOLONG', 1360),
('3215051008', '3215051', 'CENGKONG', 1349),
('3215060002', '3215060', 'KARANGSINOM', 1359),
('3215060003', '3215060', 'KARANGJAYA', 1358),
('3215060004', '3215060', 'PARAKANMULYA', 1365),
('3215060005', '3215060', 'CITARIK', 1363),
('3215060006', '3215060', 'TIRTASARI', 1365),
('3215060007', '3215060', 'PARAKAN', 1366),
('3215060008', '3215060', 'KAMURANG', 1365),
('3215060009', '3215060', 'BOJONGSARI', 1368),
('3215060010', '3215060', 'CIPONDOH', 1369),
('3215060011', '3215060', 'KERTAWALUYA', 1371),
('3215070004', '3215070', 'BARUGBUG', 1353),
('3215070005', '3215070', 'SITUDAM', 1359),
('3215070006', '3215070', 'BALONGGANDU', 1360),
('3215070009', '3215070', 'KALIJATI', 1364),
('3215070010', '3215070', 'MEKARSARI', 1363),
('3215070011', '3215070', 'JATISARI', 1364),
('3215070012', '3215070', 'CIREJAG', 1365),
('3215070013', '3215070', 'CIKALONGSARI', 1366),
('3215070014', '3215070', 'JATIRAGAS', 1368),
('3215070015', '3215070', 'JATIWANGI', 1370),
('3215070016', '3215070', 'JATIBARU', 1369),
('3215070017', '3215070', 'TELARSARI', 1367),
('3215070018', '3215070', 'SUKAMEKAR', 1369),
('3215070019', '3215070', 'PACING', 1370),
('3215071001', '3215071', 'PAMEKARAN', 1370),
('3215071002', '3215071', 'CICINDE SELATAN', 1370),
('3215071003', '3215071', 'CICINDE UTARA', 1371),
('3215071004', '3215071', 'JAYAMUKTI', 1373),
('3215071005', '3215071', 'GEMPOLKOLOT', 1371),
('3215071006', '3215071', 'GEMPOL', 1375),
('3215071007', '3215071', 'GEMBONGAN', 1373),
('3215071008', '3215071', 'MEKARASIH', 1376),
('3215071009', '3215071', 'BANYUASIH', 1376),
('3215071010', '3215071', 'TALUNJAYA', 1374),
('3215071011', '3215071', 'TANJUNG', 1375),
('3215071012', '3215071', 'KUTARAHARJA', 1373),
('3215072001', '3215072', 'SARIMULYA', 1331),
('3215072002', '3215072', 'JOMIN BARAT', 1333),
('3215072003', '3215072', 'JOMIN TIMUR', 1338),
('3215072004', '3215072', 'PANGULAH SELATAN', 1347),
('3215072005', '3215072', 'PANGULAH UTARA', 1349),
('3215072006', '3215072', 'PANGULAH BARU', 1359),
('3215072007', '3215072', 'WANCIMEKAR', 1349),
('3215072008', '3215072', 'PUCUNG', 1345),
('3215072009', '3215072', 'CIKAMPEK UTARA', 1352),
('3215081001', '3215081', 'CIKARANG', 1382),
('3215081002', '3215081', 'CIKALONG', 1384),
('3215081003', '3215081', 'TEGALSARI', 1382),
('3215081004', '3215081', 'TEGALWARU', 1382),
('3215081005', '3215081', 'MEKARMAYA', 1387),
('3215081006', '3215081', 'CILAMAYA', 1390),
('3215081007', '3215081', 'SUKATANI', 1391),
('3215081008', '3215081', 'SUKAKERTA', 1399),
('3215081009', '3215081', 'RAWAGEMPOL KULON', 1399),
('3215081010', '3215081', 'RAWAGEMPOL WETAN', 1395),
('3215081011', '3215081', 'MUARABARU', 1399),
('3215081012', '3215081', 'MUARA', 1399),
('3215082001', '3215082', 'KIARA', 1379),
('3215082002', '3215082', 'BAYUR KIDUL', 1380),
('3215082003', '3215082', 'BAYUR LOR', 1384),
('3215082004', '3215082', 'LANGENSARI', 1383),
('3215082005', '3215082', 'SUKAMULYA', 1387),
('3215082006', '3215082', 'PASIRUKEM', 1391),
('3215082007', '3215082', 'SUKAJAYA', 1397),
('3215082008', '3215082', 'PASIRJAYA', 1395),
('3215082009', '3215082', 'MUKTIJAYA', 1392),
('3215082010', '3215082', 'TEGALURUNG', 1388),
('3215082011', '3215082', 'MANGGUNGJAYA', 1388),
('3215082012', '3215082', 'SUMURGEDE', 1386),
('3215090001', '3215090', 'CIWARINGIN', 1366),
('3215090002', '3215090', 'WARINGINKARYA', 1366),
('3215090003', '3215090', 'PASIRTANJUNG', 1367),
('3215090004', '3215090', 'KARANGTANJUNG', 1369),
('3215090005', '3215090', 'KEDAWUNG', 1369),
('3215090006', '3215090', 'LEMAHABANG', 1370),
('3215090007', '3215090', 'KARYAMUKTI', 1372),
('3215090008', '3215090', 'PULOJAYA', 1375),
('3215090009', '3215090', 'PULOKELAPA', 1377),
('3215090010', '3215090', 'LEMAHMUKTI', 1375),
('3215090011', '3215090', 'PULOMULYA', 1375),
('3215100001', '3215100', 'PASIRTALAGA', 1365),
('3215100002', '3215100', 'TALAGAMULYA', 1366),
('3215100003', '3215100', 'CARIUMULYA', 1366),
('3215100004', '3215100', 'CILEWO', 1369),
('3215100005', '3215100', 'LINGGARSARI', 1369),
('3215100006', '3215100', 'PULOSARI', 1373),
('3215100007', '3215100', 'CIWULAN', 1373),
('3215100008', '3215100', 'KALIJAYA', 1370),
('3215100009', '3215100', 'CADASKERTAJAYA', 1368),
('3215100010', '3215100', 'KALIBUAYA', 1367),
('3215100011', '3215100', 'TALAGASARI', 1366),
('3215100012', '3215100', 'PASIRMUKTI', 1367),
('3215100013', '3215100', 'PASIRKAMUNING', 1370),
('3215100014', '3215100', 'KALISARI', 1373),
('3215111001', '3215111', 'PASIRJENGKOL', 1359),
('3215111002', '3215111', 'MAJALAYA', 1363),
('3215111003', '3215111', 'CIRANGGON', 1364),
('3215111004', '3215111', 'SARIJAYA', 1365),
('3215111005', '3215111', 'BENGLE', 1358),
('3215111006', '3215111', 'LEMAHMULYA', 1361),
('3215111007', '3215111', 'PASIRMULYA', 1364),
('3215112001', '3215112', 'ADIARSA TIMUR', 1347),
('3215112002', '3215112', 'WARUNGBAMBU', 1346),
('3215112003', '3215112', 'KONDANGJAYA', 1351),
('3215112004', '3215112', 'MARGASARI', 1353),
('3215112005', '3215112', 'KARAWANG WETAN', 1347),
('3215112006', '3215112', 'PALUMBONSARI', 1355),
('3215112007', '3215112', 'PALAWAD', 1361),
('3215112008', '3215112', 'TEGALSAWAH', 1361),
('3215113001', '3215113', 'ADIARSA BARAT', 1341),
('3215113002', '3215113', 'NAGASARI', 1356),
('3215113003', '3215113', 'KARAWANG KULON', 1338),
('3215113004', '3215113', 'TANJUNGPURA', 1349),
('3215113005', '3215113', 'TANJUNGMEKAR', 1346),
('3215113006', '3215113', 'KARANGPAWITAN', 1354),
('3215113007', '3215113', 'MEKARJATI', 1358),
('3215113008', '3215113', 'TUNGGAKJATI', 1357),
('3215120001', '3215120', 'PASIRKALIKI', 1365),
('3215120002', '3215120', 'KUTAWARGI', 1367),
('3215120003', '3215120', 'CIBADAK', 1369),
('3215120004', '3215120', 'SUKAMERTA', 1368),
('3215120005', '3215120', 'PASIRAWI', 1367),
('3215120006', '3215120', 'BALONGSARI', 1364),
('3215120007', '3215120', 'PURWAMEKAR', 1361),
('3215120008', '3215120', 'MEKARJAYA', 1362),
('3215120009', '3215120', 'SEKARWANGI', 1365),
('3215120010', '3215120', 'PANYINGKIRAN', 1369),
('3215120011', '3215120', 'SUKAPURA', 1372),
('3215120012', '3215120', 'GOMBONGSARI', 1373),
('3215120013', '3215120', 'SUKARAJA', 1375),
('3215130001', '3215130', 'DAYEUHLUHUR', 1376),
('3215130002', '3215130', 'LEMAHKARYA', 1378),
('3215130003', '3215130', 'LEMAHDUHUR', 1377),
('3215130004', '3215130', 'LEMAHSUBUR', 1377),
('3215130005', '3215130', 'LEMAHMAKMUR', 1377),
('3215130006', '3215130', 'PAGADUNGAN', 1378),
('3215130007', '3215130', 'PURWAJAYA', 1382),
('3215130008', '3215130', 'JAYANAGARA', 1383),
('3215130009', '3215130', 'TEMPURAN', 1387),
('3215130010', '3215130', 'CIPARAGEJAYA', 1391),
('3215130011', '3215130', 'CIKUNTUL', 1388),
('3215130012', '3215130', 'SUMBERJAYA', 1388),
('3215130013', '3215130', 'PANCAKARYA', 1379),
('3215130014', '3215130', 'TANJUNGJAYA', 1388),
('3215140001', '3215140', 'SINDANGKARYA', 1368),
('3215140002', '3215140', 'SINDANGMUKTI', 1372),
('3215140003', '3215140', 'SINDANGMULYA', 1367),
('3215140004', '3215140', 'MULYAJAYA', 1367),
('3215140005', '3215140', 'KUTAKARYA', 1365),
('3215140006', '3215140', 'KUTAGANDOK', 1366),
('3215140007', '3215140', 'WALUYA', 1371),
('3215140008', '3215140', 'SAMPALAN', 1370),
('3215140009', '3215140', 'SINDANGSARI', 1375),
('3215140010', '3215140', 'KUTARAJA', 1374),
('3215140011', '3215140', 'KUTAMUKTI', 1375),
('3215140012', '3215140', 'KUTAJAYA', 1370),
('3215150001', '3215150', 'KALANGSARI', 1361),
('3215150002', '3215150', 'KALANGSURIA', 1362),
('3215150003', '3215150', 'KARYASARI', 1363),
('3215150004', '3215150', 'DUKUHKARYA', 1364),
('3215150005', '3215150', 'AMANSARI', 1361),
('3215150006', '3215150', 'RENGASDENGKLOK SELATAN', 1361),
('3215150007', '3215150', 'RENGASDENGKLOK UTARA', 1361),
('3215150008', '3215150', 'KERTASARI', 1362),
('3215150009', '3215150', 'DEWISARI', 1359),
('3215151001', '3215151', 'KEMIRI', 1366),
('3215151002', '3215151', 'MAKMURJAYA', 1371),
('3215151003', '3215151', 'JAYAMAKMUR', 1370),
('3215151004', '3215151', 'JAYAKERTA', 1359),
('3215151005', '3215151', 'KERTAJAYA', 1370),
('3215151006', '3215151', 'CIPTAMARGA', 1362),
('3215151007', '3215151', 'MEDANGASEM', 1361),
('3215151008', '3215151', 'KAMPUNGSAWAH', 1362),
('3215160001', '3215160', 'JATIMULYA', 1376),
('3215160006', '3215160', 'KERTARAHARJA', 1382),
('3215160007', '3215160', 'KARANGJAYA', 1381),
('3215160008', '3215160', 'MALANGSARI', 1378),
('3215160009', '3215160', 'KERTAMULYA', 1377),
('3215160010', '3215160', 'PAYUNGSARI', 1387),
('3215160011', '3215160', 'RANDUMULYA', 1385),
('3215160012', '3215160', 'LABANJAYA', 1391),
('3215160015', '3215160', 'SUNGAIBUNTU', 1388),
('3215160016', '3215160', 'KEDALJAYA', 1392),
('3215160017', '3215160', 'DONGKAL', 1390),
('3215160018', '3215160', 'PUSPASARI', 1389),
('3215161001', '3215161', 'SUKARATU', 1377),
('3215161002', '3215161', 'CIPTAMARGI', 1382),
('3215161003', '3215161', 'TANJUNGSARI', 1388),
('3215161004', '3215161', 'MEKARPOHACI', 1390),
('3215161005', '3215161', 'KERTAMUKTI', 1392),
('3215161006', '3215161', 'CIKANDE', 1383),
('3215161007', '3215161', 'RAWASARI', 1379),
('3215161008', '3215161', 'KOSAMBIBATU', 1390),
('3215161009', '3215161', 'PUSAKAJAYA SELATAN', 1393),
('3215161010', '3215161', 'PUSAKAJAYA UTARA', 1390),
('3215170001', '3215170', 'SUKASARI', 1377),
('3215170002', '3215170', 'KERTARAHAYU', 1383),
('3215170003', '3215170', 'CIBUAYA', 1387),
('3215170004', '3215170', 'PEJATEN', 1386),
('3215170005', '3215170', 'KEDUNGJERUK', 1378),
('3215170006', '3215170', 'KALIDUNGJAYA', 1377),
('3215170007', '3215170', 'KEDUNGJAYA', 1384),
('3215170008', '3215170', 'JAYAMULYA', 1387),
('3215170009', '3215170', 'GEBANGJAYA', 1391),
('3215170010', '3215170', 'CEMARAJAYA', 1381),
('3215170011', '3215170', 'SEDARI', 1364),
('3215180001', '3215180', 'MEDANKARYA', 1369),
('3215180002', '3215180', 'PISANGSAMBO', 1363),
('3215180003', '3215180', 'SABAJAYA', 1372),
('3215180004', '3215180', 'GEMPOLKARYA', 1363),
('3215180005', '3215180', 'SRIJAYA', 1375),
('3215180006', '3215180', 'KUTAMAKMUR', 1372),
('3215180007', '3215180', 'BOLANG', 1374),
('3215180008', '3215180', 'SRIKAMULYAN', 1375),
('3215180009', '3215180', 'SUMURLABAN', 1373),
('3215180010', '3215180', 'TAMBAKSUMUR', 1373),
('3215180011', '3215180', 'TAMBAKSARI', 1369),
('3215190001', '3215190', 'KUTAAMPEL', 1360),
('3215190002', '3215190', 'KARYAMAKMUR', 1357),
('3215190003', '3215190', 'KARYAMULYA', 1356),
('3215190004', '3215190', 'TELUKBANGO', 1354),
('3215190005', '3215190', 'TELUKAMBULU', 1364),
('3215190006', '3215190', 'KARYABAKTI', 1368),
('3215190007', '3215190', 'BATURADEN', 1368),
('3215190008', '3215190', 'BATUJAYA', 1357),
('3215190009', '3215190', 'SEGARAN', 1363),
('3215190010', '3215190', 'SEGARJAYA', 1370),
('3215200001', '3215200', 'TALAGAJAYA', 1370),
('3215200002', '3215200', 'TELUKBUYUNG', 1360),
('3215200003', '3215200', 'TANAHBARU', 1371),
('3215200004', '3215200', 'SOLOKAN', 1372),
('3215200005', '3215200', 'TANJUNGBUNGIN', 1370),
('3215200006', '3215200', 'TANJUNGMEKAR', 1371),
('3215200007', '3215200', 'TANJUNGPAKIS', 1368),
('3215200008', '3215200', 'TELUKJAYA', 1366),
('3216010001', '3216010', 'RAGEMANUNGGAL', 1311),
('3216010002', '3216010', 'MUKTIJAYA', 1312),
('3216010003', '3216010', 'KERTARAHAYU', 1309),
('3216010004', '3216010', 'CIKARAGEMAN', 1308),
('3216010005', '3216010', 'TAMAN SARI', 1300),
('3216010006', '3216010', 'TAMAN RAHAYU', 1304),
('3216010007', '3216010', 'BURANGKENG', 1291),
('3216010008', '3216010', 'CILEDUK', 1290),
('3216010009', '3216010', 'CIBENING', 1297),
('3216010012', '3216010', 'CIJENGKOL', 1286),
('3216010013', '3216010', 'LUBANGBUAYA', 1276),
('3216021001', '3216021', 'JAYAMULYA', 1317),
('3216021002', '3216021', 'SUKARAGAM', 1317),
('3216021003', '3216021', 'SIRNAJAYA', 1321),
('3216021004', '3216021', 'NAGACIPTA', 1323),
('3216021005', '3216021', 'NAGASARI', 1319),
('3216021006', '3216021', 'CILANGKARA', 1319),
('3216021007', '3216021', 'SUKASARI', 1313),
('3216021008', '3216021', 'JAYASAMPURNA', 1306),
('3216022001', '3216022', 'CICAU', 1320),
('3216022002', '3216022', 'SUKAMAHI', 1319),
('3216022003', '3216022', 'PASIRRANJI', 1316),
('3216022004', '3216022', 'PASIRTANJUNG', 1326),
('3216022005', '3216022', 'HEGARMUKTI', 1330),
('3216022006', '3216022', 'JAYAMUKTI', 1329),
('3216023001', '3216023', 'SUKASEJATI', 1296),
('3216023002', '3216023', 'CIANTRA', 1301),
('3216023003', '3216023', 'SUKADAMI', 1308),
('3216023004', '3216023', 'SERANG', 1312),
('3216023005', '3216023', 'SUKARESMI', 1307),
('3216023006', '3216023', 'CIBATU', 1324),
('3216023007', '3216023', 'PASIRSARI', 1321),
('3216030001', '3216030', 'CIBARUSAHJAYA', 1319),
('3216030002', '3216030', 'CIBARUSAHKOTA', 1322),
('3216030003', '3216030', 'SINDANGMULYA', 1321),
('3216030004', '3216030', 'WIBAWAMULYA', 1323),
('3216030005', '3216030', 'SIRNAJATI', 1325),
('3216030006', '3216030', 'RIDOGALIH', 1324),
('3216030007', '3216030', 'RIDOMANAH', 1324),
('3216031001', '3216031', 'KARANGINDAH', 1325),
('3216031002', '3216031', 'KARANGMULYA', 1327),
('3216031003', '3216031', 'BOJONGMANGU', 1317),
('3216031004', '3216031', 'MEDALKRISNA', 1319),
('3216031005', '3216031', 'SUKAMUKTI', 1309),
('3216031006', '3216031', 'SUKABUNGAH', 1312),
('3216041001', '3216041', 'SERTAJAYA', 1329),
('3216041002', '3216041', 'HEGARMANAH', 1336),
('3216041003', '3216041', 'CIPAYUNG', 1337),
('3216041004', '3216041', 'JATIREJA', 1336),
('3216041005', '3216041', 'JATIBARU', 1339),
('3216041006', '3216041', 'TANJUNGBARU', 1343),
('3216041007', '3216041', 'LABANSARI', 1339),
('3216041008', '3216041', 'KARANGSARI', 1347),
('3216050002', '3216050', 'BOJONGSARI', 1324),
('3216050003', '3216050', 'KEDUNGWARINGIN', 1351),
('3216050004', '3216050', 'WARINGINJAYA', 1348),
('3216050005', '3216050', 'KARANGSAMBUNG', 1347),
('3216050007', '3216050', 'KARANGHARUM', 1352),
('3216050008', '3216050', 'MEKARJAYA', 1354),
('3216050009', '3216050', 'KARANGMEKAR', 1355),
('3216061001', '3216061', 'WANGUNHARJA', 1302),
('3216061002', '3216061', 'HARJAMEKAR', 1299),
('3216061003', '3216061', 'PASIRGOMBONG', 1321),
('3216061004', '3216061', 'MEKARMUKTI', 1326),
('3216061005', '3216061', 'SIMPANGAN', 1332),
('3216061006', '3216061', 'TANJUNGSARI', 1332),
('3216061007', '3216061', 'CIKARANG KOTA', 1332),
('3216061008', '3216061', 'KARANGBARU', 1324),
('3216061009', '3216061', 'KARANGASIH', 1337),
('3216061010', '3216061', 'KARANGRAHARJA', 1342),
('3216061011', '3216061', 'WALUYA', 1343),
('3216062001', '3216062', 'SUKARAYA', 1344),
('3216062002', '3216062', 'KARANGRAHAYU', 1347),
('3216062004', '3216062', 'KARANGSETU', 1348),
('3216062005', '3216062', 'KARANGMUKTI', 1352),
('3216062006', '3216062', 'KARANGANYAR', 1348),
('3216062007', '3216062', 'KARANGBAHAGIA', 1342),
('3216062008', '3216062', 'KARANGSENTOSA', 1351),
('3216070006', '3216070', 'CIBUNTU', 1266),
('3216070013', '3216070', 'WANASARI', 1300),
('3216070014', '3216070', 'WANAJAYA', 1319),
('3216070015', '3216070', 'SUKAJAYA', 1336),
('3216070016', '3216070', 'KERTAMUKTI', 1341),
('3216070017', '3216070', 'MUKTIWARI', 1342),
('3216070018', '3216070', 'SARIMUKTI', 1347),
('3216071001', '3216071', 'TELAJUNG', 1283),
('3216071002', '3216071', 'CIKEDOKAN', 1289),
('3216071003', '3216071', 'JATIWANGI', 1290),
('3216071004', '3216071', 'MEKARWANGI', 1278),
('3216071005', '3216071', 'GANDAMEKAR', 1273),
('3216071006', '3216071', 'DANAUINDAH', 1314),
('3216071007', '3216071', 'GANDASARI', 1266),
('3216071008', '3216071', 'SUKADANAU', 1280),
('3216071009', '3216071', 'TELAGA ASIH', 1283),
('3216071010', '3216071', 'TELAGAMURNI', 1314),
('3216071011', '3216071', 'KALIJAYA', 1322),
('3216081001', '3216081', 'JATIMULYA', 1271),
('3216081002', '3216081', 'LAMBANGSARI', 1266),
('3216081003', '3216081', 'LAMBANGJAYA', 1266),
('3216081004', '3216081', 'TAMBUN', 1280),
('3216081005', '3216081', 'SETIADARMA', 1276),
('3216081006', '3216081', 'SETIAMEKAR', 1338),
('3216081007', '3216081', 'MEKARSARI', 1285),
('3216081008', '3216081', 'TRIDAYASAKTI', 12989),
('3216081009', '3216081', 'MANGUNJAYA', 1312),
('3216081010', '3216081', 'SUMBERJAYA', 1331),
('3216082001', '3216082', 'KARANGSATRIA', 1319),
('3216082002', '3216082', 'SATRIAJAYA', 1330),
('3216082003', '3216082', 'JEJALENJAYA', 1267),
('3216082004', '3216082', 'SATRIAMEKAR', 1338),
('3216082005', '3216082', 'SRIAMUR', 1349),
('3216082006', '3216082', 'SRIMUKTI', 1349),
('3216082007', '3216082', 'SRIJAYA', 1349),
('3216082008', '3216082', 'SRIMAHI', 1349),
('3216090001', '3216090', 'BAHAGIA', 1335),
('3216090002', '3216090', 'KEBALEN', 1339),
('3216090003', '3216090', 'BABELAN KOTA', 1344),
('3216090004', '3216090', 'KEDUNGPENGAWAS', 1351),
('3216090005', '3216090', 'KEDUNGJAYA', 1346),
('3216090006', '3216090', 'BUNIBAKTI', 1351),
('3216090007', '3216090', 'MUARABAKTI', 1354),
('3216090008', '3216090', 'PANTAI HURIP', 1351),
('3216090009', '3216090', 'HURIPJAYA', 1347),
('3216100001', '3216100', 'PUSAKARAKYAT', 1324),
('3216100002', '3216100', 'SETIA ASIH', 1332),
('3216100003', '3216100', 'PAHLAWAN SETIA', 1344),
('3216100004', '3216100', 'SETIAMULYA', 1343),
('3216100005', '3216100', 'SEGARAMAKMUR', 1340),
('3216100006', '3216100', 'PANTAIMAKMUR', 1341),
('3216100007', '3216100', 'SEGARAJAYA', 1345),
('3216100008', '3216100', 'SAMUDRAJAYA', 1348),
('3216110003', '3216110', 'SUKAMAJU', 1350),
('3216110004', '3216110', 'SUKARAJA', 1346),
('3216110005', '3216110', 'SUKARAPIH', 1349),
('3216110006', '3216110', 'SUKARAHAYU', 1350),
('3216110007', '3216110', 'SUKABAKTI', 1351),
('3216110008', '3216110', 'SUKAWIJAYA', 1351),
('3216110009', '3216110', 'SUKAMANTRI', 1351),
('3216111001', '3216111', 'SUKAMEKAR', 1354),
('3216111002', '3216111', 'SUKADAYA', 1353),
('3216111003', '3216111', 'SUKABUDI', 1353),
('3216111004', '3216111', 'SUKAWANGI', 1353),
('3216111005', '3216111', 'SUKAKERTA', 1352),
('3216111006', '3216111', 'SUKARINGIN', 1354),
('3216111007', '3216111', 'SUKATENANG', 1354),
('3216120001', '3216120', 'SUKAASIH', 1345),
('3216120002', '3216120', 'SUKARUKUN', 1343),
('3216120003', '3216120', 'BANJARSARI', 1349),
('3216120004', '3216120', 'SUKAHURIP', 1350),
('3216120005', '3216120', 'SUKAMANAH', 1350),
('3216120006', '3216120', 'SUKAMULYA', 1352),
('3216120007', '3216120', 'SUKADARMA', 1352),
('3216121001', '3216121', 'SUKAJADI', 1352),
('3216121002', '3216121', 'SUKAMAKMUR', 1353),
('3216121003', '3216121', 'SUKALAKSANA', 1352),
('3216121004', '3216121', 'SUKAKARSA', 1352),
('3216121005', '3216121', 'SUKAKARYA', 1352),
('3216121006', '3216121', 'SUKAINDAH', 1352),
('3216121007', '3216121', 'SUKAMURNI', 1351),
('3216130001', '3216130', 'BANTARSARI', 1355),
('3216130002', '3216130', 'BANTARJAYA', 1358),
('3216130003', '3216130', 'KERTASARI', 1360),
('3216130004', '3216130', 'KERTAJAYA', 1360),
('3216130005', '3216130', 'KARANGHAUR', 1359),
('3216130006', '3216130', 'KARANGPATRI', 1355),
('3216130007', '3216130', 'KARANGREJA', 1353),
('3216130008', '3216130', 'KARANGJAYA', 1354),
('3216130009', '3216130', 'SUMBERSARI', 1357),
('3216130010', '3216130', 'SUMBERREJA', 1358),
('3216130011', '3216130', 'SUMBERURIP', 1356),
('3216130012', '3216130', 'KARANGSEGAR', 1353),
('3216130013', '3216130', 'KARANGHARJA', 1354),
('3216140001', '3216140', 'JAYABAKTI', 1353),
('3216140002', '3216140', 'SINDANGJAYA', 1351),
('3216140003', '3216140', 'SINDANGSARI', 1351),
('3216140004', '3216140', 'JAYALAKSANA', 1352),
('3216140005', '3216140', 'SETIALAKSANA', 1351),
('3216140006', '3216140', 'LENGGAHJAYA', 1352),
('3216140007', '3216140', 'SETIAJAYA', 1357),
('3216140008', '3216140', 'LENGGAHSARI', 1363),
('3216150001', '3216150', 'PANTAI HARAPANJAYA', 1354),
('3216150002', '3216150', 'PANTAIMEKAR', 1356),
('3216150003', '3216150', 'PANTAI SEDERHANA', 1357),
('3216150004', '3216150', 'PANTAIBAKTI', 1368),
('3216150005', '3216150', 'PANTAIBAHAGIA', 1369),
('3216150006', '3216150', 'JAYASAKTI', 1362),
('3271010001', '3271010', 'MULYAHARJA', 1244),
('3271010002', '3271010', 'PAMOYANAN', 1247),
('3271010003', '3271010', 'RANGGAMEKAR', 1241),
('3271010004', '3271010', 'GENTENG', 1246),
('3271010005', '3271010', 'KERTAMAYA', 1246),
('3271010006', '3271010', 'RANCAMAYA', 1244),
('3271010007', '3271010', 'BOJONGKERTA', 1238),
('3271010008', '3271010', 'HARJASARI', 1235),
('3271010009', '3271010', 'MUARASARI', 1243),
('3271010010', '3271010', 'PAKUAN', 1246),
('3271010011', '3271010', 'CIPAKU', 1244),
('3271010012', '3271010', 'LAWANGGINTUNG', 1245),
('3271010013', '3271010', 'BATUTULIS', 1244),
('3271010014', '3271010', 'BONDONGAN', 1243),
('3271010015', '3271010', 'EMPANG', 1239),
('3271010016', '3271010', 'CIKARET', 1239),
('3271020001', '3271020', 'SINDANGSARI', 1238),
('3271020002', '3271020', 'SINDANGRASA', 1239),
('3271020003', '3271020', 'TAJUR', 1243),
('3271020004', '3271020', 'KATULAMPA', 1241),
('3271020005', '3271020', 'BARANANGSIANG', 1250),
('3271020006', '3271020', 'SUKASARI', 1243),
('3271030001', '3271030', 'BANTARJATI', 1263),
('3271030002', '3271030', 'TEGALGUNDIL', 1259),
('3271030003', '3271030', 'TANAHBARU', 1268),
('3271030004', '3271030', 'CIMAHPAR', 1257),
('3271030005', '3271030', 'CILUAR', 1275),
('3271030006', '3271030', 'CIBULUH', 1274),
('3271030007', '3271030', 'KEDUNGHALANG', 1272),
('3271030008', '3271030', 'CIPARIGI', 1278),
('3271040001', '3271040', 'PALEDANG', 1248),
('3271040002', '3271040', 'GUDANG', 1243),
('3271040003', '3271040', 'BABAKANPASAR', 1246),
('3271040004', '3271040', 'TEGALLEGA', 1253),
('3271040005', '3271040', 'BABAKAN', 1255),
('3271040006', '3271040', 'SEMPUR', 1253),
('3271040007', '3271040', 'PABATON', 1251),
('3271040008', '3271040', 'CIBOGOR', 1248),
('3271040009', '3271040', 'PANARAGAN', 1242),
('3271040010', '3271040', 'KEBONKELAPA', 1244),
('3271040011', '3271040', 'CIWARINGIN', 1253),
('3271050001', '3271050', 'PASIRMULYA', 1243),
('3271050002', '3271050', 'PASIRKUDA', 1239),
('3271050003', '3271050', 'PASIRJAYA', 1242),
('3271050004', '3271050', 'GUNUNGBATU', 1245),
('3271050005', '3271050', 'LOJI', 1250),
('3271050006', '3271050', 'MENTENG', 1248),
('3271050007', '3271050', 'CILENDEK TIMUR', 1259),
('3271050008', '3271050', 'CILENDEK BARAT', 1262),
('3271050009', '3271050', 'SINDANGBARANG', 1260),
('3271050010', '3271050', 'MARGAJAYA', 1271),
('3271050011', '3271050', 'BALUNGBANGJAYA', 1278),
('3271050012', '3271050', 'SITUGEDE', 1280),
('3271050013', '3271050', 'BUBULAK', 1271),
('3271050014', '3271050', 'SEMPLAK', 1278),
('3271050015', '3271050', 'CURUGMEKAR', 1272),
('3271050016', '3271050', 'CURUG', 1275),
('3271060001', '3271060', 'KEDUNGWARINGIN', 1266),
('3271060002', '3271060', 'KEDUNGJAYA', 1257),
('3271060003', '3271060', 'KEBONPEDES', 1260),
('3271060004', '3271060', 'TANAHSAREAL', 1264),
('3271060005', '3271060', 'KEDUNGBADAK', 1266),
('3271060006', '3271060', 'SUKARESMI', 1275),
('3271060007', '3271060', 'SUKADAMAI', 1267),
('3271060008', '3271060', 'CIBADAK', 1273),
('3271060009', '3271060', 'KAYUMANIS', 1286),
('3271060010', '3271060', 'MEKARWANGI', 1278),
('3271060011', '3271060', 'KENCANA', 1283),
('3272010006', '3272010', 'SUDAJAYA HILIR', 1294),
('3272010007', '3272010', 'JAYAMEKAR', 1292),
('3272010008', '3272010', 'JAYARAKSA', 1296),
('3272010009', '3272010', 'BAROS', 1292),
('3272011001', '3272011', 'LEMBURSITU', 1288),
('3272011002', '3272011', 'SITUMEKAR', 1289),
('3272011003', '3272011', 'CIPANENGAH', 1292),
('3272011004', '3272011', 'CIKUNDUL', 1286),
('3272011005', '3272011', 'SINDANGSARI', 1294),
('3272012001', '3272012', 'SINDANGPALAY', 1283),
('3272012002', '3272012', 'LIMUSNUNGGAL', 1290),
('3272012003', '3272012', 'BABAKAN', 1296),
('3272012004', '3272012', 'CIBEUREUM HILIR', 1290),
('3272020001', '3272020', 'CIKONDANG', 1291),
('3272020002', '3272020', 'GEDONG PANJANG', 1292),
('3272020003', '3272020', 'CITAMIANG', 1286),
('3272020004', '3272020', 'NANGGELENG', 1287),
('3272020005', '3272020', 'TIPAR', 1281),
('3272030001', '3272030', 'DAYEUHLUHUR', 1285),
('3272030002', '3272030', 'WARUDOYONG', 1284),
('3272030003', '3272030', 'NYOMPLONG', 1275),
('3272030004', '3272030', 'BENTENG', 1269),
('3272030005', '3272030', 'SUKAKARYA', 1271),
('3272040001', '3272040', 'KARANG TENGAH', 1285),
('3272040002', '3272040', 'GUNUNG PUYUH', 1258),
('3272040003', '3272040', 'SRIWIDARI', 1264),
('3272040004', '3272040', 'KARAMAT', 1249),
('3272050001', '3272050', 'GUNUNG PARANG', 1273),
('3272050002', '3272050', 'KEBONJATI', 1277),
('3272050003', '3272050', 'CIKOLE', 1269),
('3272050004', '3272050', 'SELABATU', 1262),
('3272050005', '3272050', 'CISARUA', 1276),
('3272050006', '3272050', 'SUBANGJAYA', 1282),
('3275010008', '3275010', 'JATIMAKMUR', 1252),
('3275010009', '3275010', 'JATIWARINGIN', 1251),
('3275010010', '3275010', 'JATIBENING', 1250),
('3275010011', '3275010', 'JATICEMPAKA', 12494),
('3275010012', '3275010', 'JATIBENING BARU', 1250),
('3275011001', '3275011', 'JATIKARYA', 1278),
('3275011002', '3275011', 'JATISAMPURNA', 1286),
('3275011003', '3275011', 'JATIRANGGA', 1289),
('3275011004', '3275011', 'JATIRANGGON', 1277),
('3275011006', '3275011', 'JATIRADEN', 1282),
('3275012001', '3275012', 'JATIMURNI', 1275),
('3275012002', '3275012', 'JATIMELATI', 1265),
('3275012003', '3275012', 'JATIWARNA', 1263),
('3275012004', '3275012', 'JATIRAHAYU', 1257),
('3275020001', '3275020', 'JATISARI', 1278),
('3275020002', '3275020', 'JATILUHUR', 1274),
('3275020003', '3275020', 'JATIRASA', 1267),
('3275020004', '3275020', 'JATIASIH', 1261),
('3275020005', '3275020', 'JATIMEKAR', 1259),
('3275020006', '3275020', 'JATIKRAMAT', 1254),
('3275030001', '3275030', 'CIKETINGUDIK', 1292),
('3275030002', '3275030', 'SUMUR BATU', 1297),
('3275030003', '3275030', 'CIKIWUL', 1274),
('3275030004', '3275030', 'BANTARGEBANG', 1278),
('3275031001', '3275031', 'PADURENAN', 1276),
('3275031002', '3275031', 'CIMUNING', 1280),
('3275031003', '3275031', 'MUSTIKA JAYA', 1268),
('3275031004', '3275031', 'MUSTIKA SARI', 1266),
('3275040005', '3275040', 'MARGAHAYU', 1251),
('3275040006', '3275040', 'BEKASI JAYA', 1276),
('3275040007', '3275040', 'DUREN JAYA', 1300),
('3275040008', '3275040', 'AREN JAYA', 1287),
('3275041001', '3275041', 'BOJONG MENTENG', 1269),
('3275041002', '3275041', 'BOJONG RAWALUMBU', 1264),
('3275041003', '3275041', 'SEPANJANG JAYA', 1248),
('3275041004', '3275041', 'PENGASINAN', 1251),
('3275050001', '3275050', 'JAKA MULYA', 1253),
('3275050002', '3275050', 'JAKA SETIA', 1257),
('3275050003', '3275050', 'PEKAYON JAYA', 1259),
('3275050004', '3275050', 'MARGA JAYA', 1273),
('3275050007', '3275050', 'KAYURINGIN JAYA', 1268),
('3275060001', '3275060', 'BINTARA JAYA', 1272),
('3275060002', '3275060', 'BINTARA', 1266),
('3275060003', '3275060', 'KRANJI', 1272),
('3275060005', '3275060', 'KOTA BARU', 1275),
('3275060008', '3275060', 'JAKA SAMPURNA', 1253),
('3275061001', '3275061', 'HARAPAN MULYA', 1277),
('3275061002', '3275061', 'KALI BARU', 1287),
('3275061003', '3275061', 'MEDAN SATRIA', 1284),
('3275061004', '3275061', 'PEJUANG', 1307),
('3275070001', '3275070', 'HARAPAN JAYA', 1289),
('3275070002', '3275070', 'KALIABANG TENGAH', 1326),
('3275070003', '3275070', 'PERWIRA', 1310),
('3275070004', '3275070', 'HARAPAN BARU', 1308),
('3275070005', '3275070', 'TELUK PUCUNG', 1321),
('3275070006', '3275070', 'MARGA MULYA', 1283),
('3276010003', '3276010', 'PENGASINAN', 1286),
('3276010004', '3276010', 'BEDAHAN', 1280),
('3276010005', '3276010', 'PASIR PUTIH', 1285),
('3276010006', '3276010', 'SAWANGAN BARU', 1278),
('3276010007', '3276010', 'SAWANGAN LAMA', 1277),
('3276010013', '3276010', 'KEDAUNG', 1270),
('3276010014', '3276010', 'CINANGKA', 1268),
('3276011001', '3276011', 'DUREN SERIBU', 1290),
('3276011002', '3276011', 'DUREN MEKAR', 1284),
('3276011003', '3276011', 'BOJONGSARI LAMA', 1281),
('3276011004', '3276011', 'BOJONGSARI BARU', 1276),
('3276011005', '3276011', 'CURUG', 1279),
('3276011006', '3276011', 'PONDOK PETIR', 1271),
('3276011007', '3276011', 'SERUA', 1271),
('3276020006', '3276020', 'RANGKAPAN JAYA BARU', 1272),
('3276020007', '3276020', 'RANGKAPAN JAYA', 1269),
('3276020008', '3276020', 'MAMPANG', 1268),
('3276020009', '3276020', 'PANCORAN MAS', 1272),
('3276020010', '3276020', 'DEPOK JAYA', 1268),
('3276020011', '3276020', 'DEPOK', 1268),
('3276021001', '3276021', 'CIPAYUNG JAYA', 1293),
('3276021002', '3276021', 'BOJONG PONDOK TERONG', 1296),
('3276021003', '3276021', 'PONDOK JAYA', 1289),
('3276021004', '3276021', 'RATUJAYA', 1283),
('3276021005', '3276021', 'CIPAYUNG', 1293),
('3276030006', '3276030', 'SUKMAJAYA', 1282),
('3276030007', '3276030', 'TIRTAJAYA', 1277),
('3276030008', '3276030', 'MEKAR JAYA', 1274),
('3276030009', '3276030', 'ABADIJAYA', 1278),
('3276030010', '3276030', 'BAKTI JAYA', 1274),
('3276030011', '3276030', 'CISALAK', 1278),
('3276031001', '3276031', 'KALIMULYA', 1291),
('3276031002', '3276031', 'JATIMULYA', 1296),
('3276031003', '3276031', 'KALIBARU', 1293),
('3276031004', '3276031', 'CILODONG', 1289),
('3276031005', '3276031', 'SUKAMAJU', 1285),
('3276040007', '3276040', 'CURUG', 1285),
('3276040009', '3276040', 'HARJAMUKTI', 1283),
('3276040010', '3276040', 'CISALAK PASAR', 1283),
('3276040011', '3276040', 'MEKARSARI', 1277),
('3276040012', '3276040', 'TUGU', 1268),
('3276040013', '3276040', 'PASIR GUNUNG SELATAN', 1266),
('3276041001', '3276041', 'CILANGKAP', 1293),
('3276041002', '3276041', 'CIMPAEUN', 1287),
('3276041003', '3276041', 'TAPOS', 1291),
('3276041004', '3276041', 'LEUWINAGGUNG', 1290),
('3276041005', '3276041', 'JATIJAJAR', 1291),
('3276041006', '3276041', 'SUKAMAJU BARU', 1286),
('3276041007', '3276041', 'SUKATANI', 1288),
('3276050001', '3276050', 'BEJI', 1264),
('3276050002', '3276050', 'BEJI TIMUR', 1266),
('3276050003', '3276050', 'KEMIRIMUKA', 1268),
('3276050004', '3276050', 'PONDOK CINA', 1267),
('3276050005', '3276050', 'KUKUSAN', 1262),
('3276050006', '3276050', 'TANAH BARU', 1263),
('3276060001', '3276060', 'MERUYUNG', 1269),
('3276060002', '3276060', 'GROGOL', 1266),
('3276060003', '3276060', 'KRUKUT', 1263),
('3276060004', '3276060', 'LIMO', 1264),
('3276061001', '3276061', 'CINERE', 1251),
('3276061002', '3276061', 'GANDUL', 1256),
('3276061003', '3276061', 'PANGKALANJATI BARU', 1249),
('3276061004', '3276061', 'PANGKALANJATI', 1245),
('3603010008', '3603010', 'JEUNG JING', 1241),
('3603010009', '3603010', 'CISOKA', 1248),
('3603010010', '3603010', 'SUKATANI', 1250),
('3603010011', '3603010', 'CEMPAKA', 1248),
('3603010012', '3603010', 'KARANGHARJA', 1245),
('3603010013', '3603010', 'CARENANG', 1245),
('3603010014', '3603010', 'BOJONGLOA', 1244),
('3603010015', '3603010', 'CARINGIN', 1237),
('3603010016', '3603010', 'SELAPAJANG', 1234),
('3603010017', '3603010', 'CIBUGEL', 1239),
('3603011001', '3603011', 'CIKASUNGKA', 1266),
('3603011002', '3603011', 'CIKUYA', 1261),
('3603011003', '3603011', 'CIKAREO', 1260),
('3603011004', '3603011', 'CIREUNDEU', 1259),
('3603011005', '3603011', 'SOLEAR', 1255),
('3603011006', '3603011', 'PASANGGRAHAN', 1255),
('3603011007', '3603011', 'MUNJUL', 1249),
('3603020001', '3603020', 'CILELES', 1261),
('3603020002', '3603020', 'BANTAR PANJANG', 1256),
('3603020003', '3603020', 'SODONG', 1251),
('3603020004', '3603020', 'TAPOS', 1257),
('3603020013', '3603020', 'MARGA SARI', 1251),
('3603020014', '3603020', 'KADU AGUNG', 1246),
('3603020015', '3603020', 'MATA GARA', 1233),
('3603020016', '3603020', 'TIGARAKSA', 1243),
('3603020017', '3603020', 'PETE', 1236),
('3603020018', '3603020', 'TEGALSARI', 1235),
('3603020019', '3603020', 'PEMATANG', 1232),
('3603020020', '3603020', 'PASIR NANGKA', 1228),
('3603020021', '3603020', 'CISEREH', 1223),
('3603020022', '3603020', 'PASIR BOLANG', 1228),
('3603021001', '3603021', 'MEKARSARI', 1275),
('3603021002', '3603021', 'DARU', 1271),
('3603021003', '3603021', 'SUKA MANAH', 1274),
('3603021004', '3603021', 'TABAN', 1271),
('3603021005', '3603021', 'ANCOL PASIR', 1268),
('3603021006', '3603021', 'RANCABUAYA', 1263),
('3603021007', '3603021', 'TIPARRAYA', 1267),
('3603021008', '3603021', 'JAMBE', 1261),
('3603021009', '3603021', 'KUTRUK', 1259),
('3603021010', '3603021', 'PASIR BARAT', 1258),
('3603030001', '3603030', 'BUDI MULYA', 1220),
('3603030002', '3603030', 'BOJONG', 1218),
('3603030003', '3603030', 'SUKA MULYA', 1226),
('3603030004', '3603030', 'CIKUPA', 1219),
('3603030005', '3603030', 'DUKUH', 1218),
('3603030006', '3603030', 'BITUNG JAYA', 1217),
('3603030007', '3603030', 'BUNDER', 1212),
('3603030008', '3603030', 'SUKA DAMAI', 1212),
('3603030009', '3603030', 'PASIR JAYA', 1212),
('3603030010', '3603030', 'PASIR GADUNG', 1212),
('3603030011', '3603030', 'TALAGA SARI', 1211),
('3603030012', '3603030', 'TALAGA', 1220),
('3603030013', '3603030', 'SUKA NAGARA', 1219),
('3603030014', '3603030', 'CIBADAK', 1226),
('3603040001', '3603040', 'RANCA IYUH', 1262),
('3603040002', '3603040', 'MEKAR JAYA', 1259),
('3603040003', '3603040', 'RANCA KALAPA', 1252),
('3603040004', '3603040', 'PANONGAN', 1248),
('3603040005', '3603040', 'SERDANG KULON', 1252),
('3603040006', '3603040', 'CIAKAR', 1243),
('3603040007', '3603040', 'MEKAR BAKTI', 1231),
('3603040008', '3603040', 'PEUSAR', 1232),
('3603050001', '3603050', 'CURUG KULON', 1236),
('3603050002', '3603050', 'CURUG WETAN', 1237),
('3603050003', '3603050', 'SUKA BAKTI', 1230),
('3603050004', '3603050', 'CUKANG GALIH', 1228),
('3603050005', '3603050', 'KADU JAYA', 1213),
('3603050006', '3603050', 'KADU', 1216),
('3603050007', '3603050', 'BINONG', 1223),
('3603051001', '3603051', 'BOJONG NANGKA', 1232),
('3603051002', '3603051', 'CURUG SANGERENG', 1238),
('3603051003', '3603051', 'PAKULONAN BARAT', 1230),
('3603051004', '3603051', 'KELAPA DUA', 1226),
('3603051005', '3603051', 'BENCONGAN INDAH', 1222),
('3603051006', '3603051', 'BENCONGAN', 1221),
('3603060001', '3603060', 'CIANGIR', 1269),
('3603060002', '3603060', 'BABAT', 1269),
('3603060003', '3603060', 'BOJONG KAMAL', 1273),
('3603060004', '3603060', 'CIRARAB', 1273),
('3603060005', '3603060', 'CARINGIN', 1263),
('3603060006', '3603060', 'BABAKAN', 1256),
('3603060007', '3603060', 'KAMUNING', 1254),
('3603060008', '3603060', 'PALA SARI', 1264),
('3603060009', '3603060', 'SERDANG WETAN', 1248),
('3603060010', '3603060', 'RANCAGONG', 1245),
('3603060011', '3603060', 'LEGOK', 1252),
('3603070001', '3603070', 'KARANG TENGAH', 1250),
('3603070002', '3603070', 'MALANG NENGAH', 1275),
('3603070003', '3603070', 'JATAKE', 1265),
('3603070004', '3603070', 'KADU SIRUNG', 1267),
('3603070005', '3603070', 'SITU GADUNG', 1262),
('3603070006', '3603070', 'PAGEDANGAN', 1250),
('3603070007', '3603070', 'CICALENGKA', 1252),
('3603070008', '3603070', 'LENGKONG KULON', 1245),
('3603070009', '3603070', 'CIJANTRA', 1246),
('3603070010', '3603070', 'MEDANG', 1241),
('3603070012', '3603070', 'CIHUNI', 1234),
('3603081001', '3603081', 'MEKARWANGI', 1281),
('3603081002', '3603081', 'DANGDANG', 1282),
('3603081003', '3603081', 'SURADITA', 1270),
('3603081004', '3603081', 'CISAUK', 1266),
('3603081005', '3603081', 'SAMPORA', 1251),
('3603081006', '3603081', 'CIBOGO', 1263),
('3603120004', '3603120', 'SUKAASIH', 1227),
('3603120005', '3603120', 'PASAR KEMIS', 1221),
('3603120006', '3603120', 'SUKAMANTRI', 1237),
('3603120007', '3603120', 'KUTA JAYA', 1258),
('3603120008', '3603120', 'GELAM JAYA', 1239),
('3603120009', '3603120', 'KUTA BARU', 1271),
('3603120010', '3603120', 'KUTA BUMI', 1256),
('3603120011', '3603120', 'PANGADEGAN', 1270),
('3603120012', '3603120', 'SINDANG SARI', 1279),
('3603121001', '3603121', 'WANA KERTA', 1223),
('3603121002', '3603121', 'SUKA HARJA', 1216),
('3603121003', '3603121', 'SINDANG PANON', 1237),
('3603121004', '3603121', 'SINDANG JAYA', 1268),
('3603121005', '3603121', 'SINDANG ASIH', 1227),
('3603121006', '3603121', 'SINDANG SONO', 1232),
('3603121007', '3603121', 'BADAK ANOM', 1274),
('3603130001', '3603130', 'GEMBONG', 1234),
('3603130002', '3603130', 'CANGKUDU', 1232),
('3603130003', '3603130', 'SENTUL', 1227),
('3603130004', '3603130', 'SENTUL JAYA', 1230),
('3603130005', '3603130', 'TALAGASARI', 1230),
('3603130006', '3603130', 'BALA RAJA', 1234),
('3603130007', '3603130', 'TOBAT', 1233),
('3603130008', '3603130', 'SUKA MURNI', 1235),
('3603130015', '3603130', 'SAGA', 1244),
('3603131001', '3603131', 'JAYANTI', 1239),
('3603131002', '3603131', 'PASIR MUNCANG', 1236),
('3603131003', '3603131', 'SUMUR BANDUNG', 1235),
('3603131004', '3603131', 'CIKANDE', 1237),
('3603131005', '3603131', 'PASIR GINTUNG', 1247),
('3603131006', '3603131', 'PANGKAT', 1244),
('3603131007', '3603131', 'DANG DEUR', 1233),
('3603131008', '3603131', 'PABUARAN', 1242),
('3603132001', '3603132', 'KUBANG', 1241),
('3603132002', '3603132', 'PARAHU', 1244),
('3603132003', '3603132', 'SUKA MULYA', 1265),
('3603132004', '3603132', 'KALI ASIN', 1264),
('3603132005', '3603132', 'MERAK', 1254),
('3603132006', '3603132', 'BUNAR', 1265),
('3603132007', '3603132', 'BENDA', 1272),
('3603132008', '3603132', 'BUNI AYU', 1279),
('3603140001', '3603140', 'KOPER', 1252),
('3603140002', '3603140', 'PASIR AMPO', 1263),
('3603140003', '3603140', 'PATRA SANA', 1266),
('3603140004', '3603140', 'RENGED', 1281),
('3603140005', '3603140', 'TALOK', 1281),
('3603140006', '3603140', 'JENGKOL', 1275),
('3603140007', '3603140', 'KEMUNING', 1295),
('3603140008', '3603140', 'RANCA ILAT', 1292),
('3603140011', '3603140', 'KRESEK', 1285),
('3603141001', '3603141', 'KANDA WATI', 1293),
('3603141002', '3603141', 'CIBETOK', 1290),
('3603141003', '3603141', 'TAMIANG', 1300),
('3603141004', '3603141', 'CIPAEH', 1310),
('3603141005', '3603141', 'KEDUNG', 1285),
('3603141006', '3603141', 'ONYAM', 1300),
('3603141007', '3603141', 'GUNUNG KALER', 1311),
('3603141008', '3603141', 'SIDOKO', 13151),
('3603141009', '3603141', 'RANCA GEDE', 1297),
('3603150002', '3603150', 'BLUKBUK', 1302),
('3603150003', '3603150', 'BAKUNG', 1299),
('3603150004', '3603150', 'PASIR', 1299),
('3603150005', '3603150', 'CIRUMPAK', 1289),
('3603150006', '3603150', 'PAGEDANGAN UDIK', 1332),
('3603150007', '3603150', 'PASILIAN', 1325),
('3603150008', '3603150', 'PAGENJAHAN', 1309),
('3603150016', '3603150', 'MUNCUNG', 1345),
('3603150017', '3603150', 'KRONJO', 1334),
('3603150018', '3603150', 'PAGEDANGAN ILIR', 1335),
('3603151001', '3603151', 'GANDA RIA', 1303),
('3603151002', '3603151', 'KOSAMBI DALAM', 1308),
('3603151003', '3603151', 'KLUTUK', 1325),
('3603151004', '3603151', 'MEKAR BARU', 1320),
('3603151005', '3603151', 'WALIWIS', 1332),
('3603151006', '3603151', 'CIJERUK', 1327),
('3603151007', '3603151', 'KEDAUNG', 1341),
('3603151008', '3603151', 'JENGGOT', 1345),
('3603160007', '3603160', 'GUNUNG SARI', 1328),
('3603160008', '3603160', 'SASAK', 1332),
('3603160009', '3603160', 'KEDUNG DALEM', 1332),
('3603160010', '3603160', 'TEGAL KUNIR KIDUL', 1339),
('3603160011', '3603160', 'JATI WARINGIN', 1324),
('3603160019', '3603160', 'TEGAL KUNIR LOR', 1352),
('3603160020', '3603160', 'BANYU ASIH', 1347),
('3603160021', '3603160', 'MAUK TIMUR', 1343),
('3603160022', '3603160', 'MAUK BARAT', 1337),
('3603160023', '3603160', 'KETAPANG', 1352),
('3603160024', '3603160', 'MARGA MULYA', 1354),
('3603160025', '3603160', 'TANJUNG ANOM', 1335),
('3603161001', '3603161', 'LEGOK SUKAMAJU', 1285),
('3603161002', '3603161', 'RANCA LABUH', 1294),
('3603161003', '3603161', 'KEMIRI', 1300),
('3603161004', '3603161', 'KELEBET', 1308),
('3603161005', '3603161', 'PATRA MANGGALA', 1315),
('3603161006', '3603161', 'KARANG ANYAR', 1320),
('3603161007', '3603161', 'LONTAR', 1326),
('3603162001', '3603162', 'BUARAN JATI', 1325),
('3603162002', '3603162', 'GINTUNG', 1318),
('3603162003', '3603162', 'KOSAMBI', 1325),
('3603162004', '3603162', 'MEKAR KONDANG', 1333),
('3603162005', '3603162', 'PEKAYON', 1350),
('3603162006', '3603162', 'SUKADIRI', 1357),
('3603162007', '3603162', 'RAWA KIDANG', 1344),
('3603162008', '3603162', 'KARANG SERANG', 1359),
('3603170002', '3603170', 'JAMBU KARYA', 1284),
('3603170003', '3603170', 'DAON', 1286),
('3603170004', '3603170', 'SUKA TANI', 1287),
('3603170005', '3603170', 'MEKARSARI', 1289),
('3603170006', '3603170', 'SUKA SARI', 1302),
('3603170007', '3603170', 'RAJEGMULYA', 1300),
('3603170008', '3603170', 'RAJEG', 1305),
('3603170009', '3603170', 'SUKA MANAH', 1297),
('3603170010', '3603170', 'PANGARENGAN', 1312),
('3603170011', '3603170', 'RANCA BANGO', 1313),
('3603170012', '3603170', 'LEMBANG SARI', 1313),
('3603170013', '3603170', 'TANJAKAN', 1314),
('3603170014', '3603170', 'TANJAKAN MEKAR', 1317),
('3603180001', '3603180', 'MEKAR JAYA', 1282),
('3603180002', '3603180', 'KARET', 1272),
('3603180007', '3603180', 'PONDOK JAYA', 1303),
('3603180008', '3603180', 'SEPATAN', 1304),
('3603180009', '3603180', 'PISANGAN JAYA', 1311),
('3603180010', '3603180', 'SARAKAN', 1311),
('3603180011', '3603180', 'KAYU BONGKOK', 1321),
('3603180012', '3603180', 'KAYU AGUNG', 1318),
('3603181001', '3603181', 'LEBAK WANGI', 1283),
('3603181002', '3603181', 'KEDAUNG BARAT', 1303),
('3603181003', '3603181', 'JATI MULYA', 1303),
('3603181004', '3603181', 'TANAH MERAH', 1306),
('3603181005', '3603181', 'SANGIANG', 1316),
('3603181006', '3603181', 'GEMPOL SARI', 1304),
('3603181007', '3603181', 'PONDOK KELOR', 1314),
('3603181008', '3603181', 'KAMPUNG KELOR', 1305),
('3603190001', '3603190', 'BUNISARI', 1319),
('3603190002', '3603190', 'RAWA BONI', 1335),
('3603190003', '3603190', 'KIARA PAYUNG', 1335),
('3603190004', '3603190', 'GAGA', 1334),
('3603190005', '3603190', 'LAKSANA', 1341),
('3603190006', '3603190', 'BUARAN BAMBU', 1348),
('3603190007', '3603190', 'PAKU HAJI', 1339),
('3603190008', '3603190', 'PAKU ALAM', 1339),
('3603190009', '3603190', 'BUARAN MANGGA', 1347),
('3603190010', '3603190', 'SURYA BAHARI', 1358),
('3603190011', '3603190', 'SUKAWALI', 1360),
('3603190012', '3603190', 'KRAMAT', 1360),
('3603190013', '3603190', 'KALIBARU', 1352),
('3603190014', '3603190', 'KOHOD', 1361),
('3603200001', '3603200', 'BOJONG RENGED', 1318),
('3603200002', '3603200', 'KEBON CAU', 1334),
('3603200003', '3603200', 'TELUK NAGA', 1324),
('3603200004', '3603200', 'BABAKAN ASEM', 1342),
('3603200005', '3603200', 'KAMPUNG MELAYU TIMUR', 1349),
('3603200006', '3603200', 'KAMPUNG MELAYU BARAT', 1349),
('3603200007', '3603200', 'KAMPUNG BESAR', 1357),
('3603200008', '3603200', 'L E M O', 1324),
('3603200009', '3603200', 'TEGAL ANGUS', 1369),
('3603200010', '3603200', 'PANGKALAN', 1358),
('3603200011', '3603200', 'TANJUNG BURUNG', 1365),
('3603200012', '3603200', 'TANJUNG PASIR', 1367),
('3603200013', '3603200', 'MUARA', 1365),
('3603210001', '3603210', 'RAWA RENGAS', 1318),
('3603210002', '3603210', 'RAWA BURUNG', 1328),
('3603210003', '3603210', 'BELIMBING', 1333),
('3603210004', '3603210', 'JATIMULYA', 1334),
('3603210005', '3603210', 'D A D A P', 1350),
('3603210006', '3603210', 'KOSAMBI TIMUR', 1350),
('3603210007', '3603210', 'KOSAMBI BARAT', 1354),
('3603210008', '3603210', 'CENGKLONG', 1351),
('3603210009', '3603210', 'SALEMBARAN JATI', 1357),
('3603210010', '3603210', 'SALEMBARAN', 1353),
('3671010001', '3671010', 'TAJUR', 1225),
('3671010002', '3671010', 'PARUNG SERAB', 1222),
('3671010003', '3671010', 'PANINGGILAN', 1222),
('3671010012', '3671010', 'PANINGGILAN UTARA', 1222),
('3671010013', '3671010', 'SUDIMARA SELATAN', 1223),
('3671010014', '3671010', 'SUDIMARA BARAT', 1224),
('3671010015', '3671010', 'SUDIMARA JAYA', 1223),
('3671010016', '3671010', 'SUDIMARA TIMUR', 1223),
('3671011001', '3671011', 'LARANGAN SELATAN', 1219),
('3671011002', '3671011', 'GAGA', 1221),
('3671011003', '3671011', 'CIPADU JAYA', 1220),
('3671011004', '3671011', 'KEREO SELATAN', 1222),
('3671011005', '3671011', 'CIPADU', 1222),
('3671011006', '3671011', 'KEREO', 1222),
('3671011007', '3671011', 'LARANGAN INDAH', 1223),
('3671011008', '3671011', 'LARANGAN UTARA', 1223),
('3671012001', '3671012', 'PEDURENAN', 1226),
('3671012002', '3671012', 'PONDOK PUCUNG', 1226),
('3671012003', '3671012', 'KARANG TENGAH', 1227),
('3671012004', '3671012', 'KARANG TIMUR', 1224),
('3671012005', '3671012', 'KARANG MULYA', 1234),
('3671012006', '3671012', 'PARUNG JAYA', 1238),
('3671012007', '3671012', 'PONDOK BAHAR', 1233),
('3671020012', '3671020', 'PORIS PLAWAD INDAH', 1246),
('3671020013', '3671020', 'CIPONDOH', 1243),
('3671020014', '3671020', 'KENANGA', 1239),
('3671020015', '3671020', 'GONDRONG', 1238),
('3671020016', '3671020', 'PETIR', 1244),
('3671020017', '3671020', 'KETAPANG', 1252),
('3671020018', '3671020', 'CIPONDOH INDAH', 1253),
('3671020019', '3671020', 'CIPONDOH MAKMUR', 1253),
('3671020020', '3671020', 'PORIS PLAWAD UTARA', 1252),
('3671020021', '3671020', 'PORIS PLAWAD', 1246),
('3671021001', '3671021', 'PANUNGGANGAN UTARA', 1230),
('3671021002', '3671021', 'PANUNGGANGAN', 1230),
('3671021003', '3671021', 'PANUNGGANGAN TIMUR', 1232),
('3671021004', '3671021', 'KUNCIRAN', 1227),
('3671021005', '3671021', 'KUNCIRAN INDAH', 1227),
('3671021006', '3671021', 'SUDIMARA PINANG', 1227),
('3671021007', '3671021', 'PINANG', 1230),
('3671021008', '3671021', 'NEROKTOG', 1232),
('3671021009', '3671021', 'KUNCIRAN JAYA', 1233),
('3671021010', '3671021', 'PAKOJAN', 1235),
('3671021011', '3671021', 'CIPETE', 1240),
('3671030004', '3671030', 'CIKOKOL', 1231),
('3671030005', '3671030', 'KELAPA INDAH', 1233),
('3671030006', '3671030', 'BABAKAN', 1241),
('3671030014', '3671030', 'SUKASARI', 1246),
('3671030015', '3671030', 'BUARAN INDAH', 1247),
('3671030016', '3671030', 'TANAH TINGGI', 1252),
('3671030017', '3671030', 'SUKAASIH', 1257),
('3671030018', '3671030', 'SUKARASA', 1254),
('3671031001', '3671031', 'KARAWACI BARU', 1226),
('3671031002', '3671031', 'NUSAJAYA', 12247),
('3671031003', '3671031', 'BOJONGJAYA', 1229),
('3671031004', '3671031', 'KARAWACI', 1235),
('3671031005', '3671031', 'CIMONE JAYA', 1231),
('3671031006', '3671031', 'CIMONE', 1230),
('3671031007', '3671031', 'BUGEL', 1241),
('3671031008', '3671031', 'MARGASARI', 1237),
('3671031009', '3671031', 'PABUARAN', 1239),
('3671031010', '3671031', 'SUKAJADI', 1240),
('3671031011', '3671031', 'GERENDENG', 1247),
('3671031012', '3671031', 'KOANGJAYA', 1262),
('3671031013', '3671031', 'PASARBARU', 1251),
('3671031014', '3671031', 'SUMUR PACING', 1244),
('3671031015', '3671031', 'PABUARAN TUMPENG', 1251),
('3671031016', '3671031', 'NAMBOJAYA', 1254),
('3671040001', '3671040', 'MANIS JAYA', 1216),
('3671040002', '3671040', 'JATAKE', 1220),
('3671040003', '3671040', 'GANDASARI', 1219),
('3671040010', '3671040', 'KRONCONG', 1225),
('3671040011', '3671040', 'ALAM JAYA', 1229),
('3671040012', '3671040', 'PASIR JAYA', 1216),
('3671041001', '3671041', 'PANUNGGANGAN BARAT', 1226),
('3671041002', '3671041', 'CIBODAS SARI', 1224),
('3671041003', '3671041', 'CIBODAS BARU', 1224),
('3671041004', '3671041', 'CIBODAS', 1224),
('3671041005', '3671041', 'UWUNG JAYA', 1228),
('3671041006', '3671041', 'JATIUWUNG', 1223),
('3671042001', '3671042', 'GEMBOR', 1244),
('3671042002', '3671042', 'GEBANG RAYA', 1246),
('3671042003', '3671042', 'SANGIANG JAYA', 1235),
('3671042004', '3671042', 'PERIUK', 1255),
('3671042005', '3671042', 'PERIUK JAYA', 1261),
('3671050001', '3671050', 'PORIS GAGA BARU', 1258),
('3671050002', '3671050', 'PORIS JAYA', 1262),
('3671050003', '3671050', 'PORIS GAGA', 1261),
('3671050004', '3671050', 'KEBON BESAR', 1270),
('3671050005', '3671050', 'BATU CEPER', 1269),
('3671050006', '3671050', 'BATU JAYA', 1276),
('3671050007', '3671050', 'BATU SARI', 1266),
('3671051001', '3671051', 'KARANG ANYAR', 1267),
('3671051002', '3671051', 'KARANG SARI', 1266),
('3671051003', '3671051', 'NEGLASARI', 1274),
('3671051004', '3671051', 'MEKARSARI', 1264),
('3671051005', '3671051', 'KEDAUNG BARU', 1294),
('3671051006', '3671051', 'KEDAUNG WETAN', 1291),
('3671051007', '3671051', 'SELAPAJANG JAYA', 1295),
('3671060001', '3671060', 'BELENDUNG', 1278),
('3671060002', '3671060', 'JURUMUDI BARU', 1279),
('3671060003', '3671060', 'JURUMUDI', 1291),
('3671060004', '3671060', 'PAJANG', 1300),
('3671060005', '3671060', 'BENDA', 1326),
('3674010001', '3674010', 'KRANGGAN', 1265),
('3674010002', '3674010', 'MUNCUL', 1266),
('3674010003', '3674010', 'KADEMANGAN', 1258),
('3674010004', '3674010', 'SETU', 1256),
('3674010005', '3674010', 'BABAKAN', 1262),
('3674010006', '3674010', 'BAKTI JAYA', 1260),
('3674020009', '3674020', 'BUARAN', 1248),
('3674020010', '3674020', 'CIATER', 1253),
('3674020011', '3674020', 'RAWA MEKAR JAYA', 1243),
('3674020012', '3674020', 'RAWA BUNTU', 1250),
('3674020013', '3674020', 'SERPONG', 1253),
('3674020018', '3674020', 'CILENGGANG', 1248),
('3674020019', '3674020', 'LENGKONG GUDANG', 1242),
('3674020020', '3674020', 'LENGKONG GUDANG TIMUR', 1243),
('3674020021', '3674020', 'LENGKONG WETAN', 1238),
('3674030001', '3674030', 'PONDOK BENDA', 1265),
('3674030002', '3674030', 'PAMULANG BARAT', 1257),
('3674030003', '3674030', 'PAMULANG TIMUR', 1261),
('3674030004', '3674030', 'PONDOK CABE UDIK', 1258),
('3674030005', '3674030', 'PONDOK CABE ILIR', 1254),
('3674030006', '3674030', 'KEDAUNG', 1241),
('3674030007', '3674030', 'BAMBU APUS', 1239),
('3674030008', '3674030', 'BENDA BARU', 1262),
('3674040001', '3674040', 'SARUA', 1240),
('3674040002', '3674040', 'JOMBANG', 1237),
('3674040003', '3674040', 'SAWAH BARU', 1232),
('3674040004', '3674040', 'SARUA INDAH', 1232),
('3674040005', '3674040', 'SAWAH', 1253),
('3674040006', '3674040', 'CIPUTAT', 1238),
('3674040007', '3674040', 'CIPAYUNG', 1247),
('3674050001', '3674050', 'PISANGAN', 1245),
('3674050002', '3674050', 'CIREUNDEU', 1237),
('3674050003', '3674050', 'CEMPAKA PUTIH', 1238),
('3674050004', '3674050', 'REMPOA', 1230),
('3674050005', '3674050', 'RENGAS', 1228),
('3674050006', '3674050', 'PONDOK RANJI', 1228),
('3674060001', '3674060', 'PERIGI BARU', 1232),
('3674060002', '3674060', 'PONDOK KACANG BARAT', 1225),
('3674060003', '3674060', 'PONDOK KACANG TIMUR', 1223),
('3674060004', '3674060', 'PERIGI', 1231),
('3674060005', '3674060', 'PONDOK PUCUNG', 1228),
('3674060006', '3674060', 'PONDOK JAYA', 1228),
('3674060007', '3674060', 'PONDOK AREN', 1222),
('3674060008', '3674060', 'JURANG MANGGU BARAT', 1225),
('3674060009', '3674060', 'JURANG MANGGU TIMUR', 1225),
('3674060010', '3674060', 'PONDOK KARYA', 1225),
('3674060011', '3674060', 'PONDOK BETUNG', 1223),
('3674070001', '3674070', 'LENGKONG KARYA', 1243),
('3674070002', '3674070', 'JELUPANG', 1237),
('3674070003', '3674070', 'PONDOK JAGUNG', 1236),
('3674070004', '3674070', 'PONDOK JAGUNG TIMUR', 1230),
('3674070005', '3674070', 'PAKULONAN', 1232),
('3674070006', '3674070', 'PAKU ALAM', 1231),
('3674070007', '3674070', 'PAKU JAYA', 1226);

-- --------------------------------------------------------

--
-- Table structure for table `tbl_data_kredit_bank`
--

CREATE TABLE `tbl_data_kredit_bank` (
  `kode_kredit` int(11) NOT NULL,
  `kode_bank` int(11) DEFAULT NULL,
  `nama_kredit` varchar(150) DEFAULT NULL,
  `tenor` int(11) DEFAULT NULL,
  `bunga_tahun` double DEFAULT NULL,
  `bunga_bulan` double DEFAULT NULL
) ENGINE=InnoDB DEFAULT CHARSET=latin1;

--
-- Dumping data for table `tbl_data_kredit_bank`
--

INSERT INTO `tbl_data_kredit_bank` (`kode_kredit`, `kode_bank`, `nama_kredit`, `tenor`, `bunga_tahun`, `bunga_bulan`) VALUES
(5, 2, 'Permata Syariah Payroll', 12, 14.28, 1.19),
(6, 2, 'Permata Syariah Payroll', 24, 14.28, 1.19),
(7, 2, 'Permata Syariah Payroll', 36, 14.28, 1.19),
(8, 2, 'Permata Syariah Payroll', 48, 14.28, 1.19),
(9, 2, 'Permata Syariah Payroll', 60, 14.28, 1.19),
(10, 2, 'Permata Syariah Non - Payroll', 12, 17.88, 1.49),
(11, 2, 'Permata Syariah Non - Payroll', 24, 17.88, 1.49),
(12, 2, 'Permata Syariah Non - Payroll', 36, 17.88, 1.49),
(13, 2, 'Permata Syariah - Staff Permata', 12, 9.48, 0.79),
(14, 2, 'Permata Syariah - Staff Permata', 24, 9.48, 0.79),
(15, 2, 'Permata Syariah - Staff Permata', 36, 9.48, 0.79),
(16, 2, 'Permata Syariah - Staff Permata', 48, 9.48, 0.79),
(17, 2, 'Permata Syariah - Staff Permata', 60, 9.48, 0.79),
(18, 2, 'Permata Syariah Program ASF', 12, 16.68, 1.39),
(19, 2, 'Permata Syariah Program ASF', 24, 16.68, 1.39),
(20, 2, 'Permata Syariah Program ASF', 36, 16.68, 1.39),
(21, 2, 'Permata Syariah Program ASF', 48, 16.68, 1.39),
(22, 2, 'Permata Syariah Program ASF', 60, 16.68, 1.39);

-- --------------------------------------------------------

--
-- Table structure for table `tbl_data_lokasi`
--

CREATE TABLE `tbl_data_lokasi` (
  `id_lokasi` int(11) DEFAULT NULL,
  `id_user` int(11) DEFAULT NULL,
  `alamat` int(11) DEFAULT NULL,
  `no_kontak` int(11) DEFAULT NULL,
  `maps` int(11) DEFAULT NULL,
  `pemasangan` int(11) DEFAULT NULL,
  `harga` int(11) DEFAULT NULL
) ENGINE=InnoDB DEFAULT CHARSET=latin1;

-- --------------------------------------------------------

--
-- Table structure for table `tbl_data_pemasangan`
--

CREATE TABLE `tbl_data_pemasangan` (
  `no_pemesanan` varchar(50) NOT NULL,
  `id_member` varchar(50) DEFAULT NULL,
  `nama_pemesan` varchar(75) DEFAULT NULL,
  `telepon_pemesan` varchar(50) DEFAULT NULL,
  `alamat_pemesan` varchar(350) DEFAULT NULL,
  `daya_terpasang` bigint(20) DEFAULT NULL,
  `instalasi_daya` bigint(20) DEFAULT NULL,
  `tagihan_listrik` bigint(20) DEFAULT NULL,
  `luas_atap` decimal(10,0) DEFAULT NULL,
  `jenis_netmeter` varchar(50) DEFAULT NULL,
  `jenis_atap` varchar(50) DEFAULT NULL,
  `foto_atap` varchar(250) DEFAULT NULL,
  `foto_depan_rumah` varchar(250) DEFAULT NULL,
  `lat` varchar(50) DEFAULT NULL,
  `lng` varchar(50) DEFAULT NULL,
  `status_pemasangan` varchar(50) DEFAULT 'Menunggu Pembayaran',
  `keterangan_order_survey` text DEFAULT NULL,
  `tanggal_order` date DEFAULT NULL,
  `tanggal_order_survey` date DEFAULT NULL,
  `tanggal_survey` date DEFAULT NULL,
  `keterangan_survey` text DEFAULT NULL,
  `rekomendasi_survey` text DEFAULT NULL,
  `tanggal_pemasangan` date DEFAULT NULL,
  `tanggal_invoice` date DEFAULT NULL,
  `cara_pembayaran` varchar(100) DEFAULT NULL COMMENT '3 cara : 1. Kartu Kredit. 2. Debit/Transfer. 3.Cicilan Bank',
  `url_pembayaran` varchar(500) DEFAULT NULL COMMENT 'URL Payment Page Faspay',
  `total_pembayaran` bigint(20) DEFAULT NULL,
  `trx_id` varchar(32) DEFAULT NULL COMMENT 'Transaction Id (Issued/generated by Media Indonusa) to used when make a payment in payment channel',
  `pemilik_rekening` varchar(50) NOT NULL,
  `no_rekening` varchar(50) NOT NULL,
  `jenis_pembayaran` varchar(50) DEFAULT NULL,
  `tanggal_bayar` date DEFAULT NULL,
  `catatan_bayar` varchar(500) DEFAULT NULL,
  `bukti_bayar` varchar(500) DEFAULT NULL,
  `status_bayar` varchar(50) DEFAULT NULL,
  `tanggal_order_instalasi` date DEFAULT NULL,
  `slo_status` varchar(50) DEFAULT NULL,
  `net_meter_status` varchar(50) DEFAULT 'Pending',
  `tanggal_instal_netmeter` date DEFAULT NULL,
  `read_status` char(1) NOT NULL
) ENGINE=MyISAM DEFAULT CHARSET=latin1;

--
-- Dumping data for table `tbl_data_pemasangan`
--

INSERT INTO `tbl_data_pemasangan` (`no_pemesanan`, `id_member`, `nama_pemesan`, `telepon_pemesan`, `alamat_pemesan`, `daya_terpasang`, `instalasi_daya`, `tagihan_listrik`, `luas_atap`, `jenis_netmeter`, `jenis_atap`, `foto_atap`, `foto_depan_rumah`, `lat`, `lng`, `status_pemasangan`, `keterangan_order_survey`, `tanggal_order`, `tanggal_order_survey`, `tanggal_survey`, `keterangan_survey`, `rekomendasi_survey`, `tanggal_pemasangan`, `tanggal_invoice`, `cara_pembayaran`, `url_pembayaran`, `total_pembayaran`, `trx_id`, `pemilik_rekening`, `no_rekening`, `jenis_pembayaran`, `tanggal_bayar`, `catatan_bayar`, `bukti_bayar`, `status_bayar`, `tanggal_order_instalasi`, `slo_status`, `net_meter_status`, `tanggal_instal_netmeter`, `read_status`) VALUES
('QLQIGTC6H', '1', 'Razan Bin', '085314952100', 'jl gatot subroto', 7, 19, 850000, 34, 'Pra-Bayar', '3', 'tampak-depan-rumah-minimalis-dua-tingkat.jpg', 'tampak-depan-rumah-minimalis-dua-tingkat.jpg', '-6.2301813', '106.81695789999999', 'Pemasangan Diterima', '-', '2019-07-09', '2019-07-10', '0000-00-00', '', '', NULL, NULL, NULL, NULL, NULL, NULL, '', '', NULL, NULL, NULL, NULL, 'Menunggu Pembayaran', NULL, NULL, 'Pending', NULL, ''),
('LAUJEMB3G', 'C7M8PJHGT', 'Tes order audhy', '085288881708', '', 2, 2, 600000, 8, 'Pasca-Bayar', '1', 'Aplikasi_Static.png', 'Aplikasi_Static.png', '-6.3059', '106.7766', 'Pemasangan Diterima', 'nggak ada', '2019-07-09', '2019-07-09', '2019-07-09', 'bisa dipasang', '', NULL, NULL, NULL, NULL, NULL, NULL, '', '', NULL, NULL, NULL, NULL, 'Menunggu Pembayaran', NULL, NULL, 'Pending', NULL, '1'),
('9OBQ7VFO2', 'C7M8PJHGT', 'Razan Bin', '085314952100', 'jl kebun vii beji timur depok', 3, 4, 450000, 15, 'Pasca-Bayar', '2', 'tampak-depan-rumah-minimalis-dua-tingkat1.jpg', 'tampak-depan-rumah-minimalis-dua-tingkat1.jpg', '-6.3793', '106.8083', 'Pembayaran On Progress', '-', '2019-07-10', '2019-07-11', '2019-07-11', '-', '', NULL, '2019-07-10', 'Bank', NULL, NULL, NULL, '', '', NULL, NULL, NULL, NULL, 'Menunggu Pembayaran', NULL, NULL, 'Pending', NULL, '1'),
('U4V3817LT', 'C7M8PJHGT', 'Razan Bin', '085314952100', '', 4, 6, 25000, 15, 'Pasca-Bayar', '2', 'tampak-depan-rumah-minimalis-dua-tingkat2.jpg', 'tampak-depan-rumah-minimalis-dua-tingkat2.jpg', '-6.3674865', '106.8158491', 'Pesanan Baru', NULL, '2019-07-10', NULL, NULL, NULL, '', NULL, NULL, NULL, NULL, NULL, NULL, '', '', NULL, NULL, NULL, NULL, 'Menunggu Pembayaran', NULL, NULL, 'Pending', NULL, '1'),
('C67SSWBH4', '8AQWHNLKY', 'Audhy Smara Sukhma', '+6285288881708', 'Lebak Bulus Indah', 7, 18, 600000, 30, 'Pasca-Bayar', '1', '15369962_1321237394603840_658032074548614321_o.jpg', '15369962_1321237394603840_658032074548614321_o.jpg', '-6.3059', '106.7767', 'Formalities Selesai', 'tidak ada', '2019-07-29', '2019-07-29', '2019-07-27', '', '', '2019-08-17', '2019-07-29', 'Bank', NULL, NULL, NULL, '', '', NULL, '2019-08-31', '', 'Boy_laptop.jpg', 'LUNAS', '2019-08-06', 'Done', 'Terpasang', '2019-07-29', '1'),
('ANKLLIK0D', '8AQWHNLKY', 'Audhy Smara Sukhma', '+6285288881708', 'Pondok labu belakang pasar', 7, 17, 1000000, 20, 'Pasca-Bayar', '1', 'TIPS_Keamanan_windows.png', 'TIPS_Keamanan_windows.png', '-6.3121', '106.7937', 'Survey On Progress', '', '2019-07-29', '2020-02-02', '2020-03-03', 'Rumahnya hilang', '', NULL, NULL, NULL, NULL, NULL, NULL, '', '', NULL, NULL, NULL, NULL, 'Menunggu Pembayaran', NULL, NULL, 'Pending', NULL, '0'),
('Y9F1X6XF1', 'C7M8PJHGT', 'Razan Bin', '085314952100', NULL, 3, 5, 750000, 25, 'Pasca-Bayar', '3', 'atap-baja-ringan-31.jpg', 'atap-baja-ringan-31.jpg', '-6.367592699999999', '106.81578329999999', 'Pesanan Baru', NULL, '2019-08-01', NULL, NULL, NULL, '', NULL, NULL, NULL, NULL, NULL, NULL, '', '', NULL, NULL, NULL, NULL, 'Menunggu Pembayaran', NULL, NULL, 'Pending', NULL, '1'),
('PTDG9JPOA', 'C7M8PJHGT', 'Razan Bin', '085314952100', 'kukusan', 3, 5, 750000, 25, 'Pasca-Bayar', '3', 'atap-baja-ringan-311.jpg', 'atap-baja-ringan-311.jpg', '-6.367584600000001', '106.8158117', 'Pembayaran On Progress', '-', '2019-08-01', '2019-08-01', '2019-08-02', '-', '', NULL, '2019-08-01', 'Tunai/CC', NULL, NULL, NULL, '', '', NULL, NULL, NULL, NULL, 'Menunggu Pembayaran', NULL, NULL, 'Pending', NULL, '1'),
('R639AUMKA', 'C7M8PJHGT', 'Razan Bin', '085314952100', 'ttt', 3, 4, 55000, 81, 'Pasca-Bayar', '3', 'atap-baja-ringan-312.jpg', 'atap-baja-ringan-312.jpg', '-6.3676053', '106.81581109999999', 'Instalasi Panel On Progress', '-', '2019-08-01', '2019-08-01', '2019-08-01', '-', '', NULL, '2019-08-01', 'Bank', NULL, NULL, NULL, '', '', NULL, '2020-04-01', 'nggak ada', 'logo_kbt-01.png', 'LUNAS', '2020-04-03', NULL, 'Pending', NULL, '1'),
('NZ508UD93', 'C7M8PJHGT', 'Razan Bin', '085314952100', 'Cinere, Depok', 6, 13, 1000000, 30, 'Pasca-Bayar', '1', '1_(1).jpg', '1_(1).jpg', '-6.2087634', '106.84559899999999', 'Pembayaran On Progress', '', '2019-08-06', '2019-08-10', '2019-08-10', '', '', NULL, '2019-08-06', 'Bank', NULL, NULL, NULL, '', '', NULL, NULL, NULL, NULL, 'Menunggu Pembayaran', NULL, NULL, 'Pending', NULL, '1'),
('930D8KEMK', 'C7M8PJHGT', 'Razan Bin', '085314952100', 'dfghjkl;lkjhgtfr', 11, 30, 1000000, 30, 'Pasca-Bayar', '1', '01.jpg', '01.jpg', '-6.2087634', '106.84559899999999', 'Pemasangan Diterima', '', '2019-08-06', '2019-08-08', '2019-08-08', '', '', NULL, NULL, NULL, NULL, NULL, NULL, '', '', NULL, NULL, NULL, NULL, 'Menunggu Pembayaran', NULL, NULL, 'Pending', NULL, '1'),
('OLH7PFMWN', '8AQWHNLKY', 'Daniel Simanjuntak', '0855123456', 'Jalan Lebak Bulus 1 no. 45', 5, 10, 1000000, 20, 'Pasca-Bayar', '1', '55759980_2067652639955841_9136407599174909952_n.jpg', '55759980_2067652639955841_9136407599174909952_n.jpg', '-6.2971', '106.7842', 'Instalasi Panel On Progress', 'bisa dipasang', '2019-08-08', '2019-08-08', '2019-08-08', '', '', NULL, '2019-08-08', 'Bank', NULL, NULL, NULL, '', '', NULL, '2020-04-09', 'bisa dipasang', 'mandiri.jpg', 'LUNAS', '2020-04-10', NULL, 'Pending', NULL, '0'),
('M25UCPL86', '8AQWHNLKY', 'Audhy Smara Sukhma tes', '+6285288881708', 'Cinere, Depok', 5, 10, 1000000, 30, 'Pra-Bayar', '1', '03_17704972_1.jpg', '03_17704972_1.jpg', '-6.2705458', '106.7588609', 'Survey On Progress', 'test survey', '2019-08-08', '2020-03-06', '2020-03-03', 'Rumahnya siap untuk dipasang', '', NULL, NULL, NULL, NULL, NULL, NULL, '', '', NULL, NULL, NULL, NULL, 'Menunggu Pembayaran', NULL, NULL, 'Pending', NULL, '0'),
('NUNLTWQVO', 'C7M8PJHGT', 'Ryfan Hernandes', '085314952100', 'Cinere, Depok', 4, 8, 1000000, 30, 'Pasca-Bayar', '2', 'drum.jpg', 'drum.jpg', '-6.2754486', '106.7530881', 'Pemasangan Diterima', '', '2019-08-27', '2019-08-02', '2019-08-27', '', '', NULL, NULL, NULL, NULL, NULL, NULL, '', '', NULL, NULL, NULL, NULL, 'Menunggu Pembayaran', NULL, NULL, 'Pending', NULL, '1'),
('YX1979N28', 'C7M8PJHGT', 'Razan Bin', '085314952100', 'Cinere, Depok', 4, 6, 1000000, 20, 'Pasca-Bayar', '1', '011.jpg', '011.jpg', '-6.2587551999999995', '106.80488539999999', 'Pembayaran On Progress', '', '2019-08-27', '2019-08-29', '2019-08-29', '', '', NULL, '2019-08-27', 'Bank', NULL, NULL, NULL, '', '', NULL, NULL, NULL, NULL, 'Menunggu Pembayaran', NULL, NULL, 'Pending', NULL, '1'),
('EUSQ8K6AI', 'C7M8PJHGT', 'Rizal Aja', '0854565478', 'jl , Bina Marga', 3, 4, 600000, 30, 'Pra-Bayar', '1', '1.jpg', '1.jpg', '-6.6048', '106.8098', 'Formalities Selesai', '', '2019-12-17', '2019-12-18', '2019-12-19', '', '', '2020-04-15', '2019-12-17', 'Bank', NULL, NULL, NULL, '', '', NULL, '2020-04-01', 'bisa dipasang', 'logoe-surya.png', 'LUNAS', '2020-04-10', 'Done', 'Terpasang', '2020-04-01', '1'),
('RLGMPLB0S', 'C7M8PJHGT', 'Rizal Lagi Lagi Lagi', '085645419494', 'Bintaro tengah no II', 4, 7, 1000000, 30, 'Pasca-Bayar', '1', '53677180_262163601363627_347575572064591778_n.jpg', '53677180_262163601363627_347575572064591778_n.jpg', '-6.2906368', '106.78272', 'Pembayaran On Progress', '', '2019-12-17', '2019-12-20', '2019-12-20', '', '', NULL, '2020-04-06', 'Debit/Transfer dengan Permata', 'https://web.faspay.co.id/pws/100003/2830000010100000/d0282f50fb0cf7fcc7d205adbf010f4ba5e7798d?trx_id=8985328635143156&merchant_id=32863&bill_no=RLGMPLB0S', 50000000, '8985328635143156', '', '', NULL, '2020-04-06', 'Via Faspay Kredit', NULL, 'Pembayaran Gagal, Status Code : E', NULL, NULL, 'Pending', NULL, '1'),
('P0HWTSJ50', 'C7M8PJHGT', 'Audhy test lagi', '085314952100', 'Pondok labu belakang pasar', 4, 57, 1000000, 30, 'Pasca-Bayar', '3', 'gathering_vector.png', 'gathering_vector.png', '-6.2291967999999995', '106.807296', 'Pesanan Baru', NULL, '2020-02-22', NULL, NULL, NULL, '', NULL, NULL, NULL, NULL, NULL, NULL, '', '', NULL, NULL, NULL, NULL, NULL, NULL, NULL, 'Pending', NULL, '1'),
('3QCRUQ72Z', 'C7M8PJHGT', 'Test Order Audhy', '08123456789', 'jl perikanan darat no. 55', 7, 60, 1000000, 30, 'Pra-Bayar', '1', 'logo_.png', 'logo_.png', '-6.2291967999999995', '106.807296', 'Instalasi Panel Selesai', '', '2020-02-22', '2020-03-01', '2020-03-03', '', '', '2020-03-11', '2020-02-22', 'Debit/Transfer dengan BNI Virtual Account', 'https://dev.faspay.co.id/pws/100003/0830000010100000/aa324510546a51578b0a3fcdc0ca3591b6187faa?trx_id=8514328360000026&merchant_id=32836&bill_no=3QCRUQ72Z', 71000000, '8514328360000026', '', '', NULL, '2020-03-02', 'test bayar', 'natsume.png', 'LUNAS', '2020-03-05', NULL, 'Pending', NULL, '1'),
('PO010P4LU', 'C7M8PJHGT', 'Nama baru bin lama', '098762345', 'Pondok indah', 7, 60, 1000000, 20, 'Pasca-Bayar', '3', 'gathering_vector1.png', 'gathering_vector1.png', '-6.2291967999999995', '106.807296', 'Pemasangan Ditolak', 'Rumahnya perlu dipastikan lokasinya', '2020-02-22', '2020-03-03', '2020-04-04', 'Rumahnya hilang', 'Beli rumah dulu', NULL, NULL, NULL, NULL, NULL, NULL, '', '', NULL, NULL, NULL, NULL, NULL, NULL, NULL, 'Pending', NULL, '1'),
('7XSFU9FU7', '3WFVD1SLM', 'Muhammad Rizaldy TEST', '0812997777777', 'Jalan Ceger Raya No.17', 1, 1, 500000, 100, 'Pra-Bayar', '1', 'sunset1.png', 'natsume1.png', '-6.2603', '106.7464', 'Pemasangan Diterima', 'Mohon segera dilakukan survey', '2020-03-05', '2020-03-11', '2020-03-11', 'Rumah Ok, Sudah di rekomenasikan', NULL, NULL, NULL, NULL, NULL, NULL, NULL, '', '', NULL, NULL, NULL, NULL, NULL, NULL, NULL, 'Pending', NULL, '0'),
('FZCQ573AJ', '3607HEY8B', 'QA Testing', '+6281382273527', 'Serpong', 2, 2, 300000, 45, 'Pasca-Bayar', '3', 'imagestestigngku1.jpg', 'imagestesting1.jpeg', '-6.275514', '106.753014', 'Pemasangan Diterima', 'Mohon segera dilakukan survey', '2020-03-11', '2020-03-12', '2020-03-11', 'Ok', NULL, NULL, NULL, NULL, NULL, NULL, NULL, '', '', NULL, NULL, NULL, NULL, NULL, NULL, NULL, 'Pending', NULL, '1'),
('KVX6LFYEJ', '3607HEY8B', 'QA Testing', '+6281382273527', 'Serpong', 1, 1, 300000, 45, 'Pra-Bayar', '3', 'imagestestigngku2.jpg', 'imagestesting2.jpeg', '-6.275514', '106.753014', 'Instalasi Panel On Progress', 'Keterangan tambahan untuk transaksi', '2020-03-11', '2020-03-11', '2020-03-11', 'Rumah Ok, Sudah di rekomenasikan', NULL, NULL, '2020-03-11', 'Kartu Kredit', '', 31100000, '', '', '', NULL, '2020-03-11', 'Via Faspay Kredit', NULL, 'LUNAS', NULL, NULL, 'Pending', NULL, '1'),
('O4DD9C463', '3607HEY8B', 'QA Testing', '+6281382273527', 'Serpong', 1, 1, 300000, 60, 'Pasca-Bayar', '3', 'imagestestigngku3.jpg', 'imagestesting3.jpeg', '-6.2755323333333335', '106.75301516666667', 'Formalities Selesai', 'Rumah Ok, Sudah di rekomendasikan', '2020-03-11', '2020-03-11', '2020-03-11', '', NULL, '2020-03-11', '2020-03-11', 'Kartu Kredit', '', 31100000, '', '', '', NULL, '2020-03-11', 'Via Faspay Kredit', NULL, 'LUNAS', NULL, 'Done', 'Terpasang', '2020-03-11', '1'),
('G6EI0QT45', '3607HEY8B', 'QA Testing', '+6281382273527', 'Serpong', 1, 1, 200000, 34, 'Pasca-Bayar', '3', 'imagestestigngku4.jpg', 'imagestesting4.jpeg', '-6.275514', '106.753014', 'Formalities Selesai', 'Survey secepatnya', '2020-03-11', '2020-03-11', '2020-03-11', 'Catatan Keterangan Sebelumnya di reject', 'Bisa Menggunakan Alat lain', '2020-03-11', '2020-03-11', 'Cicilan Bank', '', 31030000, '', '', '', NULL, '2020-03-11', 'Sudah Di bayar kok', 'imagestestigngku.jpg', 'LUNAS', '2020-03-11', 'Done', 'Terpasang', '2020-03-11', '1'),
('O44MBPOTY', 'QV4XH1EFT', 'Audhy Smara Sukhma', '085288881708', 'Pondok labu belakang pasar', 8, 23, 1000000, 20, 'Pasca-Bayar', '1', 'rsz_sign_-_maradona.jpg', 'images.png', '-6.2590409', '106.80488919999999', 'Pesanan Baru', NULL, '2020-03-16', NULL, NULL, NULL, NULL, NULL, NULL, NULL, NULL, NULL, NULL, '', '', NULL, NULL, NULL, NULL, NULL, NULL, NULL, 'Pending', NULL, '1'),
('DS0WNDZQM', 'C7M8PJHGT', 'Audhy Smara Sukhma', '08122864251', 'jl , Bina Marga', 3, 5, 1000000, 20, 'Pra-Bayar', '5', '5e73721adbeb8.jpg', 'Logo-esurya_biru.png', '-6.3058077', '106.7767665', 'Pembayaran On Progress', '', '2020-04-02', '2020-04-02', '2020-04-02', '', NULL, NULL, '2020-04-14', 'Debit/Transfer dengan Permata', 'https://web.faspay.co.id/pws/100003/2830000010100000/3557facbbb5614f754dfc6505e844a9f010ecf41?trx_id=8985328638017274&merchant_id=32863&bill_no=DS0WNDZQM', 49000000, '8985328638017274', '', '', NULL, NULL, NULL, NULL, NULL, NULL, NULL, 'Pending', NULL, '1');

-- --------------------------------------------------------

--
-- Table structure for table `tbl_data_pemasangan_rekomendasi`
--

CREATE TABLE `tbl_data_pemasangan_rekomendasi` (
  `id_rekomendasi` bigint(20) NOT NULL,
  `no_pemesanan` varchar(50) DEFAULT NULL,
  `id_product` varchar(50) DEFAULT NULL,
  `harga_panel` bigint(20) DEFAULT NULL,
  `luas_panel` bigint(20) DEFAULT NULL,
  `keluaran_listrik` bigint(20) DEFAULT NULL,
  `biaya_tambahan` bigint(20) DEFAULT NULL,
  `catatan` text DEFAULT NULL,
  `status` char(1) DEFAULT '0'
) ENGINE=InnoDB DEFAULT CHARSET=latin1;

--
-- Dumping data for table `tbl_data_pemasangan_rekomendasi`
--

INSERT INTO `tbl_data_pemasangan_rekomendasi` (`id_rekomendasi`, `no_pemesanan`, `id_product`, `harga_panel`, `luas_panel`, `keluaran_listrik`, `biaya_tambahan`, `catatan`, `status`) VALUES
(1, 'QLQIGTC6H', 'DAKHSJTU9', 27000000000, 10, 1100, 1000000, '', '0'),
(2, '9OBQ7VFO2', 'DAKHSJTU9', 15000, 20, 500, 0, '-', '1'),
(3, 'C67SSWBH4', 'DAKHSJTU9', 35000000, 12, 2500, 10000000, '', '1'),
(4, 'PTDG9JPOA', 'DAKHSJTU9', 35000000, 12, 2500, 0, '-', '1'),
(5, 'R639AUMKA', 'DAKHSJTU9', 35000000, 12, 2500, 0, '-', '1'),
(6, 'NZ508UD93', 'DAKHSJTU9', 35000000, 12, 2500, 0, '', '1'),
(7, '930D8KEMK', 'DAKHSJTU9', 35000000, 12, 2500, 0, '', '1'),
(8, 'OLH7PFMWN', 'E74521DAA', 50000000, 20, 3500, 0, '', '1'),
(9, 'NUNLTWQVO', 'DAKHSJTU9', 35000000, 12, 2500, 0, '', '1'),
(10, 'YX1979N28', 'DAKHSJTU9', 35000000, 12, 2500, 0, '', '1'),
(11, 'EUSQ8K6AI', 'DAKHSJTU9', 35000000, 12, 2500, 0, '', '1'),
(12, 'RLGMPLB0S', 'E74521DAA', 50000000, 20, 3500, 0, '', '1'),
(13, '3QCRUQ72Z', 'QSFP9K0GO', 71000000, 20, 3300, 0, '', '1'),
(14, 'M25UCPL86', 'DAKHSJTU9', 31000000, 12, 1100, 0, '', '0'),
(15, '7XSFU9FU7', 'DAKHSJTU9', 31000000, 12, 1100, 100000, '', '0'),
(16, 'KVX6LFYEJ', 'DAKHSJTU9', 31000000, 12, 1100, 100000, '', '1'),
(17, 'O4DD9C463', 'DAKHSJTU9', 31000000, 12, 1100, 100000, '', '1'),
(18, 'O4DD9C463', 'E74521DAA', 39000000, 20, 1650, 200000, '', '0'),
(19, 'G6EI0QT45', 'DAKHSJTU9', 31000000, 12, 1100, 30000, '', '1'),
(20, 'G6EI0QT45', 'E74521DAA', 39000000, 20, 1650, 0, '', '0'),
(21, 'ANKLLIK0D', 'DAKHSJTU9', 31000000, 12, 1100, 0, '', '0'),
(22, 'DS0WNDZQM', 'HV7Q9Z64F', 49000000, 20, 2200, 0, '', '1');

-- --------------------------------------------------------

--
-- Table structure for table `tbl_data_product`
--

CREATE TABLE `tbl_data_product` (
  `id_product` char(9) DEFAULT NULL,
  `nama_product` varchar(150) DEFAULT NULL,
  `gambar_product` varchar(150) DEFAULT NULL,
  `deskripsi` text DEFAULT NULL,
  `kapasitas` bigint(20) DEFAULT NULL,
  `harga` bigint(20) DEFAULT NULL,
  `luas_atap` int(11) DEFAULT NULL,
  `status_product` varchar(50) DEFAULT NULL
) ENGINE=InnoDB DEFAULT CHARSET=latin1;

--
-- Dumping data for table `tbl_data_product`
--

INSERT INTO `tbl_data_product` (`id_product`, `nama_product`, `gambar_product`, `deskripsi`, `kapasitas`, `harga`, `luas_atap`, `status_product`) VALUES
('DAKHSJTU9', 'Paket Pembangkit Listrik Tenaga Solar Kapasitas 1.100 Watt', 'paket_1_100_watt.png', '<p><strong>Solar panel&nbsp;</strong>Tier 1 domestic / imported product&nbsp;( Canadian Solar, Trina) &amp; local panel product.<br /><strong>Equipment</strong>&nbsp;Panel structures, boxes, cables and grounding<br /><strong>Inverter</strong>&nbsp;Quality imported product from verified suppliers<br /><strong>Maintenance</strong>&nbsp;Clean regularly by water sprinkler<br /><strong>Meter&nbsp;</strong>PLN Export Import (Net) metering<br /><strong>Permit</strong>&nbsp;SLO Certificate Approval by PLN for SAFETY Operation<br /><em>*SLO: Sertifikat Laik Operasi</em></p>', 1100, 31000000, 12, 'UP'),
('E74521DAA', 'Paket Pembangkit Listrik Tenaga Solar Kapasitas 1.650 Watt', 'paket_1_100_watt_(1).png', '<p><strong>Solar panel&nbsp;</strong>Tier 1 domestic / imported product&nbsp;( Canadian Solar, Trina) &amp; local panel product.<br /><strong>Equipment</strong>&nbsp;Panel structures, boxes, cables and grounding<br /><strong>Inverter</strong>&nbsp;Quality imported product from verified suppliers<br /><strong>Maintenance</strong>&nbsp;Clean regularly by water sprinkler<br /><strong>Meter&nbsp;</strong>PLN Export Import (Net) metering<br /><strong>Permit</strong>&nbsp;SLO Certificate Approval by PLN for SAFETY Operation<br /><em>*SLO: Sertifikat Laik Operasi</em></p>', 1650, 39000000, 20, 'UP'),
('HV7Q9Z64F', 'Paket Pembangkit Listrik Tenaga Solar Kapasitas 2.200 Watt', 'paket_1_100_watt_(2).png', '<p><strong>Solar panel&nbsp;</strong>Tier 1 domestic / imported product&nbsp;( Canadian Solar, Trina) &amp; local panel product.<br /><strong>Equipment</strong>&nbsp;Panel structures, boxes, cables and grounding<br /><strong>Inverter</strong>&nbsp;Quality imported product from verified suppliers<br /><strong>Maintenance</strong>&nbsp;Clean regularly by water sprinkler<br /><strong>Meter&nbsp;</strong>PLN Export Import (Net) metering<br /><strong>Permit</strong>&nbsp;SLO Certificate Approval by PLN for SAFETY Operation<br /><em>*SLO: Sertifikat Laik Operasi</em></p>', 2200, 49000000, 20, 'UP'),
('1OI4FH21G', 'Paket Pembangkit Listrik Tenaga Solar Kapasitas 2.750 Watt', 'paket_1_100_watt_(4).png', '<p><strong>Solar panel&nbsp;</strong>Tier 1 domestic / imported product&nbsp;( Canadian Solar, Trina) &amp; local panel product.<br /><strong>Equipment</strong>&nbsp;Panel structures, boxes, cables and grounding<br /><strong>Inverter</strong>&nbsp;Quality imported product from verified suppliers<br /><strong>Maintenance</strong>&nbsp;Clean regularly by water sprinkler<br /><strong>Meter&nbsp;</strong>PLN Export Import (Net) metering<br /><strong>Permit</strong>&nbsp;SLO Certificate Approval by PLN for SAFETY Operation<br /><em>*SLO: Sertifikat Laik Operasi</em></p>', 2750, 60000000, 20, 'UP'),
('QSFP9K0GO', 'Paket Pembangkit Listrik Tenaga Solar Kapasitas 3.300 Watt', 'paket_1_100_watt_(3).png', '<p><strong>Solar panel&nbsp;</strong>Tier 1 domestic / imported product&nbsp;( Canadian Solar, Trina) &amp; local panel product.<br /><strong>Equipment</strong>&nbsp;Panel structures, boxes, cables and grounding<br /><strong>Inverter</strong>&nbsp;Quality imported product from verified suppliers<br /><strong>Maintenance</strong>&nbsp;Clean regularly by water sprinkler<br /><strong>Meter&nbsp;</strong>PLN Export Import (Net) metering<br /><strong>Permit</strong>&nbsp;SLO Certificate Approval by PLN for SAFETY Operation<br /><em>*SLO: Sertifikat Laik Operasi</em></p>', 3300, 71000000, 20, 'UP');

-- --------------------------------------------------------

--
-- Table structure for table `tbl_data_provinsi`
--

CREATE TABLE `tbl_data_provinsi` (
  `kode_provinsi` char(2) DEFAULT NULL,
  `nama_provinsi` varchar(50) DEFAULT NULL,
  `konversi_net` double DEFAULT NULL
) ENGINE=InnoDB DEFAULT CHARSET=latin1;

--
-- Dumping data for table `tbl_data_provinsi`
--

INSERT INTO `tbl_data_provinsi` (`kode_provinsi`, `nama_provinsi`, `konversi_net`) VALUES
('31', 'DKI JAKARTA', 911),
('32', 'JAWA BARAT', 911),
('36', 'BANTEN', 911);

-- --------------------------------------------------------

--
-- Table structure for table `tbl_data_simulasi_cicilan`
--

CREATE TABLE `tbl_data_simulasi_cicilan` (
  `id` int(11) NOT NULL,
  `simulasi_pdf` varchar(300) NOT NULL
) ENGINE=MyISAM DEFAULT CHARSET=latin1;

--
-- Dumping data for table `tbl_data_simulasi_cicilan`
--

INSERT INTO `tbl_data_simulasi_cicilan` (`id`, `simulasi_pdf`) VALUES
(1, 'HSE_Mockup.pdf'),
(2, 'HSE_Mockup1.pdf'),
(3, 'contoh_simulasi_cicilan.pdf'),
(4, 'contoh_simulasi_cicilan1.pdf'),
(5, 'contoh_simulasi_cicilan2.pdf'),
(6, 'contoh_simulasi_cicilan3.pdf'),
(7, 'contoh_simulasi_cicilan4.pdf'),
(8, 'contoh_simulasi_cicilan_feb_2020.pdf'),
(9, 'contoh_simulasi_cicilan_feb_20201.pdf'),
(10, 'SKEMA_CICILAN_BANK.pdf'),
(11, 'SKEMA_CICILAN_BANK1.pdf');

-- --------------------------------------------------------

--
-- Table structure for table `tbl_data_slider`
--

CREATE TABLE `tbl_data_slider` (
  `id` int(11) NOT NULL,
  `gambar` varchar(150) DEFAULT NULL,
  `up_text` varchar(250) DEFAULT NULL,
  `down_text` varchar(250) DEFAULT NULL
) ENGINE=InnoDB DEFAULT CHARSET=latin1;

--
-- Dumping data for table `tbl_data_slider`
--

INSERT INTO `tbl_data_slider` (`id`, `gambar`, `up_text`, `down_text`) VALUES
(1, 'Banner_header_1.jpg', 'SELAMAT DATANG DI WEBSITE E-SURYA INDONESIA', 'Kami memberikan solusi energi terbarukan untuk hunian anda'),
(2, 'Banner_header_2.jpg', 'Panel Surya Energi Terbarukan', 'Solusi inovatif penghematan listrik'),
(3, 'Banner_header_3.jpg', 'Mari Beralih ke', 'Energi alternatif yang ramah lingkungan'),
(4, 'Banner_header_4.jpg', 'Hemat Biaya Listrik Bulanan', 'Beralih ke energi alternatif');

-- --------------------------------------------------------

--
-- Table structure for table `tbl_data_spk`
--

CREATE TABLE `tbl_data_spk` (
  `no_pemesanan` varchar(50) DEFAULT NULL,
  `no_spk` varchar(50) DEFAULT NULL,
  `tanggal_spk` date DEFAULT NULL,
  `job` tinytext DEFAULT NULL,
  `subcontractor` text DEFAULT NULL,
  `qty` text DEFAULT NULL,
  `description` text DEFAULT NULL,
  `penanggungjawab` varchar(50) DEFAULT NULL,
  `jabatan` varchar(50) DEFAULT NULL
) ENGINE=InnoDB DEFAULT CHARSET=latin1;

--
-- Dumping data for table `tbl_data_spk`
--

INSERT INTO `tbl_data_spk` (`no_pemesanan`, `no_spk`, `tanggal_spk`, `job`, `subcontractor`, `qty`, `description`, `penanggungjawab`, `jabatan`) VALUES
('C67SSWBH4', 'SPK /IV/ESURYA/9/2019', '2019-08-05', 'Pemasangan perangkat Mod 5500 ', 'Andi', '1', 'Pemasangan perangkat solar panel  MOd 5500 pada rumah klien', 'Sofyan', 'Supervisor'),
('O4DD9C463', 'SPK-QA', '2020-03-11', 'Pemasangan  SPK Instalasi', 'SubContractor', '3', 'Deskripsi', 'Ridwan', 'Technical Operation'),
('G6EI0QT45', 'SPKA0001', '2020-03-11', 'Instalasi Pemasangan Ini', 'SubContractor ABC', '1', 'Ini Detail untuk deskripsi', 'Rio Dermawan', 'Technical Operation'),
('KVX6LFYEJ', 'SPK /IV/ESURYA/9/2020', '2020-03-19', 'Pemasangan perangkat Mod 5500 ', 'Andi', '1', 'Pemasangan perangkat solar panel  MOd 5500 pada rumah klien', 'Sofyan', 'Supervisor'),
('EUSQ8K6AI', 'SPK /IV/ESURYA/12/2020', '2020-04-01', 'Pemasangan perangkat Mod 5500 ', 'ESG', '1', 'Pemasangan perangkat solar panel  MOd 5500 pada rumah klien di Jakarta Selatan', 'Herry', 'Direktur Utama'),
('R639AUMKA', 'SPK /IV/ESURYA/13/2020', '2020-04-04', 'Pemasangan perangkat Mod 5500 ', 'Andi', '1', 'Pemasangan perangkat solar panel  MOd 5500 pada rumah klien di Jakarta Selatan', 'Herry', 'Direktur Utama');

-- --------------------------------------------------------

--
-- Table structure for table `tbl_data_tarif_golongan`
--

CREATE TABLE `tbl_data_tarif_golongan` (
  `id_tarif` int(11) NOT NULL,
  `id_golongan` int(11) DEFAULT NULL,
  `nama_tarif` text DEFAULT NULL,
  `daya_terpasang` int(11) DEFAULT NULL,
  `PV_WP` double DEFAULT NULL,
  `epc_persen` double DEFAULT NULL,
  `harga_produk` double DEFAULT NULL
) ENGINE=InnoDB DEFAULT CHARSET=latin1;

--
-- Dumping data for table `tbl_data_tarif_golongan`
--

INSERT INTO `tbl_data_tarif_golongan` (`id_tarif`, `id_golongan`, `nama_tarif`, `daya_terpasang`, `PV_WP`, `epc_persen`, `harga_produk`) VALUES
(1, 1, 'R-1/1300', 1300, 1280, 98, 33841.69),
(2, 1, 'R-1/2200', 2200, 1920, 87, 42720.338),
(3, 1, 'R-2/3500', 3500, 3200, 91, 56832.194),
(4, 1, 'R-2/3900', 3900, 3200, 82, 56832.194),
(5, 1, 'R-2/4400', 4400, 3200, 73, 56832.194),
(6, 1, 'R-2/5500', 5500, 4800, 87, 73466.658),
(7, 1, 'R-3/6600', 6600, 4800, 73, 73466.658),
(8, 1, 'R-3/7700', 7700, 4800, 62, 73466.658),
(9, 1, 'R-3/10600', 10600, 8960, 85, 156304.912),
(10, 1, 'R-3/11000', 11000, 8960, 81, 156304.912),
(11, 1, 'R-3/13200', 13200, 8960, 68, 156304.912),
(12, 1, 'R-3/13900', 13900, 8960, 64, 156304.912),
(13, 1, 'R-3/16500', 16500, 13440, 81, 222798.02),
(14, 1, 'R-3/17600', 17600, 13440, 76, 222798.02),
(15, 1, 'R-3/22000', 22000, 17920, 81, 301413.752),
(16, 1, 'R-3/23000', 23000, 22400, 97, 340334.784),
(17, 1, 'R-3/33000', 33000, 26880, 81, 409469),
(18, 2, 'B-1/1300', 1300, 1280, 98, 33841.69),
(19, 2, 'B-1/2200', 2200, 1920, 87, 42720.338),
(20, 2, 'B-2/3500', 3500, 3200, 91, 56832.194),
(21, 2, 'B-2/3900', 3900, 3200, 82, 56832.194),
(22, 2, 'B-2/4400', 4400, 3200, 73, 56832.194),
(23, 2, 'B-2/5500', 5500, 4800, 87, 73466.658),
(24, 2, 'B-3/6600', 6600, 4800, 73, 73466.658),
(25, 2, 'B-3/7700', 7700, 4800, 62, 73466.658),
(26, 2, 'B-3/10600', 10600, 8960, 85, 156304.912),
(27, 2, 'B-3/11000', 11000, 8960, 81, 156304.912),
(28, 2, 'B-3/13200', 13200, 8960, 68, 156304.912),
(29, 2, 'B-3/13900', 13900, 8960, 64, 156304.912),
(30, 2, 'B-3/16500', 16500, 13440, 81, 222798.02),
(31, 2, 'B-3/17600', 17600, 13440, 76, 222798.02),
(32, 2, 'B-3/22000', 22000, 17920, 81, 301413.752),
(33, 2, 'B-3/23000', 23000, 22400, 97, 340334.784),
(34, 2, 'B-3/33000', 33000, 26880, 81, 409469),
(35, 3, 'S-2/1300', 1300, 1280, 98, 33841.69),
(36, 3, 'S-2/2200', 2200, 1920, 87, 42720.338),
(37, 3, 'S-2/3500', 3500, 3200, 91, 56832.194),
(38, 3, 'S-2/3900', 3900, 3200, 82, 56832.194),
(39, 3, 'S-2/4400', 4400, 3200, 73, 56832.194),
(40, 3, 'S-2/5500', 5500, 4800, 87, 73466.658),
(41, 3, 'S-2/6600', 6600, 4800, 73, 73466.658),
(42, 3, 'S-2/7700', 7700, 4800, 62, 73466.658),
(43, 3, 'S-2/10600', 10600, 8960, 85, 156304.912),
(44, 3, 'S-2/11000', 11000, 8960, 81, 156304.912),
(45, 3, 'S-2/13200', 13200, 8960, 68, 156304.912),
(46, 3, 'S-2/13900', 13900, 8960, 64, 156304.912),
(47, 3, 'S-2/16500', 16500, 13440, 81, 222798.02),
(48, 3, 'S-2/17600', 17600, 13440, 76, 222798.02),
(49, 3, 'S-2/22000', 22000, 17920, 81, 301413.752),
(50, 3, 'S-2/23000', 23000, 22400, 97, 340334.784),
(51, 3, 'S-2/33000', 33000, 26880, 81, 409469),
(52, 4, 'P-1/1300', 1300, 1280, 98, 33841.69),
(53, 4, 'P-1/2200', 2200, 1920, 87, 42720.338),
(54, 4, 'P-1/3500', 3500, 3200, 91, 56832.194),
(55, 4, 'P-1/3900', 3900, 3200, 82, 56832.194),
(56, 4, 'P-1/4400', 4400, 3200, 73, 56832.194),
(57, 4, 'P-1/5500', 5500, 4800, 87, 73466.658),
(58, 4, 'P-1/6600', 6600, 4800, 73, 73466.658),
(59, 4, 'P-1/7700', 7700, 4800, 62, 73466.658),
(60, 4, 'P-1/10600', 10600, 8960, 85, 156304.912),
(61, 4, 'P-1/11000', 11000, 8960, 81, 156304.912),
(62, 4, 'P-1/13200', 13200, 8960, 68, 156304.912),
(63, 4, 'P-1/13900', 13900, 8960, 64, 156304.912),
(64, 4, 'P-1/16500', 16500, 13440, 81, 222798.02),
(65, 4, 'P-1/17600', 17600, 13440, 76, 222798.02),
(66, 4, 'P-1/22000', 22000, 17920, 81, 301413.752),
(67, 4, 'P-1/23000', 23000, 22400, 97, 340334.784),
(68, 4, 'P-1/33000', 33000, 26880, 81, 409469);

-- --------------------------------------------------------

--
-- Table structure for table `tbl_data_telepon`
--

CREATE TABLE `tbl_data_telepon` (
  `kode_telp` varchar(50) DEFAULT NULL,
  `negara` varchar(50) DEFAULT NULL
) ENGINE=InnoDB DEFAULT CHARSET=latin1;

--
-- Dumping data for table `tbl_data_telepon`
--

INSERT INTO `tbl_data_telepon` (`kode_telp`, `negara`) VALUES
('+62', 'INDONESIA'),
('+60', 'MALAYSIA'),
('+65', 'SINGAPURA'),
('+61', 'AUSTRALIA'),
('+63', 'FILIPINA'),
('+64', 'SELANDIA BARU'),
('+66', 'THAILAND'),
('+84', 'VIETNAM'),
('+673', 'BRUNEI DARUSSALAM'),
('+855', 'KAMBOJA'),
('+856', 'LAOS'),
('+95', 'MYANMAR'),
('+675', 'PAPUA NUGINI'),
('+670', 'TIMOR LESTE');

-- --------------------------------------------------------

--
-- Table structure for table `tbl_data_user_public`
--

CREATE TABLE `tbl_data_user_public` (
  `id_user` int(11) NOT NULL,
  `nama_lengkap` varchar(50) DEFAULT NULL,
  `alamat` varchar(250) DEFAULT NULL,
  `telepon` varchar(15) DEFAULT NULL,
  `email` varchar(50) DEFAULT NULL,
  `password` varchar(50) DEFAULT NULL,
  `gambar_profil` varchar(150) DEFAULT NULL
) ENGINE=InnoDB DEFAULT CHARSET=latin1;

-- --------------------------------------------------------

--
-- Table structure for table `tbl_user_chat`
--

CREATE TABLE `tbl_user_chat` (
  `no` varchar(9) NOT NULL,
  `sender_id` varchar(50) DEFAULT NULL,
  `receiver_id` varchar(50) DEFAULT NULL,
  `message` varchar(750) DEFAULT NULL,
  `time_send` datetime DEFAULT NULL,
  `file_chat` varchar(50) DEFAULT NULL,
  `read_status` char(1) DEFAULT NULL,
  `id` bigint(20) NOT NULL
) ENGINE=InnoDB DEFAULT CHARSET=latin1;

--
-- Indexes for dumped tables
--

--
-- Indexes for table `tbl_blog_page`
--
ALTER TABLE `tbl_blog_page`
  ADD PRIMARY KEY (`id`);

--
-- Indexes for table `tbl_data_bank`
--
ALTER TABLE `tbl_data_bank`
  ADD PRIMARY KEY (`kode_bank`);

--
-- Indexes for table `tbl_data_banner`
--
ALTER TABLE `tbl_data_banner`
  ADD PRIMARY KEY (`id`);

--
-- Indexes for table `tbl_data_customer`
--
ALTER TABLE `tbl_data_customer`
  ADD PRIMARY KEY (`id_member`);

--
-- Indexes for table `tbl_data_employee`
--
ALTER TABLE `tbl_data_employee`
  ADD PRIMARY KEY (`id_employee`);

--
-- Indexes for table `tbl_data_epc`
--
ALTER TABLE `tbl_data_epc`
  ADD PRIMARY KEY (`kode_epc`);

--
-- Indexes for table `tbl_data_golongan_listrik`
--
ALTER TABLE `tbl_data_golongan_listrik`
  ADD PRIMARY KEY (`id_gol`);

--
-- Indexes for table `tbl_data_iradiasi`
--
ALTER TABLE `tbl_data_iradiasi`
  ADD PRIMARY KEY (`id_iradiasi`);

--
-- Indexes for table `tbl_data_jenis_atap`
--
ALTER TABLE `tbl_data_jenis_atap`
  ADD PRIMARY KEY (`kode_atap`);

--
-- Indexes for table `tbl_data_kab_kota`
--
ALTER TABLE `tbl_data_kab_kota`
  ADD PRIMARY KEY (`kode_kabkot`);

--
-- Indexes for table `tbl_data_kecamatan`
--
ALTER TABLE `tbl_data_kecamatan`
  ADD PRIMARY KEY (`kode_kecamatan`);

--
-- Indexes for table `tbl_data_keldesa`
--
ALTER TABLE `tbl_data_keldesa`
  ADD PRIMARY KEY (`kode_keldesa`);

--
-- Indexes for table `tbl_data_kredit_bank`
--
ALTER TABLE `tbl_data_kredit_bank`
  ADD PRIMARY KEY (`kode_kredit`),
  ADD KEY `FK_tbl_data_kredit_bank_tbl_data_bank` (`kode_bank`);

--
-- Indexes for table `tbl_data_pemasangan`
--
ALTER TABLE `tbl_data_pemasangan`
  ADD PRIMARY KEY (`no_pemesanan`);

--
-- Indexes for table `tbl_data_pemasangan_rekomendasi`
--
ALTER TABLE `tbl_data_pemasangan_rekomendasi`
  ADD PRIMARY KEY (`id_rekomendasi`);

--
-- Indexes for table `tbl_data_simulasi_cicilan`
--
ALTER TABLE `tbl_data_simulasi_cicilan`
  ADD PRIMARY KEY (`id`);

--
-- Indexes for table `tbl_data_slider`
--
ALTER TABLE `tbl_data_slider`
  ADD PRIMARY KEY (`id`);

--
-- Indexes for table `tbl_data_tarif_golongan`
--
ALTER TABLE `tbl_data_tarif_golongan`
  ADD PRIMARY KEY (`id_tarif`),
  ADD KEY `fk_golongan` (`id_golongan`);

--
-- Indexes for table `tbl_data_user_public`
--
ALTER TABLE `tbl_data_user_public`
  ADD PRIMARY KEY (`id_user`);

--
-- Indexes for table `tbl_user_chat`
--
ALTER TABLE `tbl_user_chat`
  ADD PRIMARY KEY (`id`);

--
-- AUTO_INCREMENT for dumped tables
--

--
-- AUTO_INCREMENT for table `tbl_data_bank`
--
ALTER TABLE `tbl_data_bank`
  MODIFY `kode_bank` int(11) NOT NULL AUTO_INCREMENT, AUTO_INCREMENT=3;

--
-- AUTO_INCREMENT for table `tbl_data_banner`
--
ALTER TABLE `tbl_data_banner`
  MODIFY `id` int(11) NOT NULL AUTO_INCREMENT, AUTO_INCREMENT=4;

--
-- AUTO_INCREMENT for table `tbl_data_epc`
--
ALTER TABLE `tbl_data_epc`
  MODIFY `kode_epc` int(11) NOT NULL AUTO_INCREMENT, AUTO_INCREMENT=80;

--
-- AUTO_INCREMENT for table `tbl_data_golongan_listrik`
--
ALTER TABLE `tbl_data_golongan_listrik`
  MODIFY `id_gol` int(11) NOT NULL AUTO_INCREMENT, AUTO_INCREMENT=5;

--
-- AUTO_INCREMENT for table `tbl_data_iradiasi`
--
ALTER TABLE `tbl_data_iradiasi`
  MODIFY `id_iradiasi` int(11) NOT NULL AUTO_INCREMENT, AUTO_INCREMENT=144;

--
-- AUTO_INCREMENT for table `tbl_data_kredit_bank`
--
ALTER TABLE `tbl_data_kredit_bank`
  MODIFY `kode_kredit` int(11) NOT NULL AUTO_INCREMENT, AUTO_INCREMENT=23;

--
-- AUTO_INCREMENT for table `tbl_data_pemasangan_rekomendasi`
--
ALTER TABLE `tbl_data_pemasangan_rekomendasi`
  MODIFY `id_rekomendasi` bigint(20) NOT NULL AUTO_INCREMENT, AUTO_INCREMENT=23;

--
-- AUTO_INCREMENT for table `tbl_data_simulasi_cicilan`
--
ALTER TABLE `tbl_data_simulasi_cicilan`
  MODIFY `id` int(11) NOT NULL AUTO_INCREMENT, AUTO_INCREMENT=12;

--
-- AUTO_INCREMENT for table `tbl_data_tarif_golongan`
--
ALTER TABLE `tbl_data_tarif_golongan`
  MODIFY `id_tarif` int(11) NOT NULL AUTO_INCREMENT, AUTO_INCREMENT=69;

--
-- AUTO_INCREMENT for table `tbl_data_user_public`
--
ALTER TABLE `tbl_data_user_public`
  MODIFY `id_user` int(11) NOT NULL AUTO_INCREMENT;

--
-- AUTO_INCREMENT for table `tbl_user_chat`
--
ALTER TABLE `tbl_user_chat`
  MODIFY `id` bigint(20) NOT NULL AUTO_INCREMENT;

--
-- Constraints for dumped tables
--

--
-- Constraints for table `tbl_data_kredit_bank`
--
ALTER TABLE `tbl_data_kredit_bank`
  ADD CONSTRAINT `FK_tbl_data_kredit_bank_tbl_data_bank` FOREIGN KEY (`kode_bank`) REFERENCES `tbl_data_bank` (`kode_bank`);

--
-- Constraints for table `tbl_data_tarif_golongan`
--
ALTER TABLE `tbl_data_tarif_golongan`
  ADD CONSTRAINT `fk_golongan` FOREIGN KEY (`id_golongan`) REFERENCES `tbl_data_golongan_listrik` (`id_gol`);
COMMIT;

/*!40101 SET CHARACTER_SET_CLIENT=@OLD_CHARACTER_SET_CLIENT */;
/*!40101 SET CHARACTER_SET_RESULTS=@OLD_CHARACTER_SET_RESULTS */;
/*!40101 SET COLLATION_CONNECTION=@OLD_COLLATION_CONNECTION */;
